transaction_id,amount,hour,distance_from_home_km,num_transactions_24h,is_online,merchant_category,is_fraud
100001,314.25,7,17.5,3,0,online_retail,0
100002,76.43,18,10.9,3,0,grocery,0
100003,8.51,9,21.4,1,1,online_retail,0
100004,75.49,14,17.8,4,0,restaurant,0
100005,71.93,11,98.6,4,1,online_retail,1
100006,20.57,17,24.2,5,0,grocery,0
100007,53.74,8,14.1,3,1,travel,0
100008,35.95,2,119.8,2,1,travel,1
100009,115.16,7,2.0,4,1,online_retail,0
100010,1.0,15,49.9,4,0,grocery,0
100011,34.96,14,11.0,3,0,travel,0
100012,10.26,23,3.3,2,1,grocery,1
100013,13.86,5,8.7,1,0,grocery,0
100014,41.15,10,17.3,2,0,online_retail,0
100015,32.89,22,3.3,3,1,online_retail,0
100016,116.7,2,7.5,3,1,restaurant,1
100017,1.63,16,18.0,5,0,online_retail,0
100018,129.7,22,39.5,2,1,online_retail,0
100019,11.17,22,19.0,4,0,restaurant,0
100020,16.61,16,10.2,1,0,grocery,0
100021,206.99,21,25.2,4,0,restaurant,0
100022,57.68,4,2.6,1,0,electronics,1
100023,25.94,18,6.6,1,0,grocery,0
100024,288.8,16,14.7,2,1,grocery,0
100025,15.69,12,13.7,5,1,electronics,0
100026,33.88,23,15.9,4,0,online_retail,1
100027,245.42,20,9.7,3,0,online_retail,0
100028,210.95,5,3.3,3,1,restaurant,0
100029,73.25,23,0.0,2,0,travel,0
100030,19.61,20,24.1,3,1,electronics,0
100031,134.65,8,53.0,0,1,electronics,0
100032,44.37,16,10.9,2,0,restaurant,0
100033,2.82,18,55.5,5,1,grocery,1
100034,102.26,5,41.2,4,1,online_retail,0
100035,67.09,6,94.0,3,1,electronics,1
100036,11.39,4,30.4,0,0,online_retail,0
100037,1.52,11,10.3,7,0,grocery,0
100038,33.19,22,107.6,1,0,electronics,0
100039,21.24,9,8.9,2,0,grocery,0
100040,25.74,8,3.1,5,1,grocery,0
100041,61.93,22,5.4,2,1,grocery,1
100042,17.17,10,5.5,3,0,grocery,0
100043,233.82,1,16.0,3,1,restaurant,1
100044,181.37,15,21.9,2,0,restaurant,0
100045,14.36,18,19.0,2,0,restaurant,0
100046,27.5,10,7.7,5,1,grocery,0
100047,165.79,22,18.7,5,0,restaurant,0
100048,209.79,0,69.4,3,1,grocery,1
100049,2.94,20,3.6,1,1,restaurant,0
100050,10.15,6,38.0,5,1,travel,0
100051,8.56,19,2.9,3,0,electronics,0
100052,16.92,11,32.3,8,1,restaurant,0
100053,95.6,15,3.8,6,0,electronics,0
100054,141.36,18,29.1,5,0,online_retail,0
100055,92.29,21,14.8,2,1,restaurant,1
100056,154.29,14,27.5,3,1,online_retail,0
100057,1.3,15,56.0,5,0,electronics,0
100058,55.36,10,4.4,2,1,restaurant,0
100059,62.71,1,23.7,5,0,electronics,0
100060,4.85,4,26.2,5,1,restaurant,0
100061,120.47,2,16.6,2,1,online_retail,0
100062,27.21,18,3.0,2,0,restaurant,0
100063,123.82,2,8.1,1,0,travel,0
100064,158.15,4,30.1,4,1,online_retail,0
100065,171.05,5,7.3,6,0,restaurant,0
100066,25.94,17,27.4,3,1,online_retail,0
100067,67.0,7,31.8,3,0,travel,0
100068,60.17,11,26.1,3,0,online_retail,0
100069,22.09,16,7.2,4,0,restaurant,0
100070,36.02,13,10.3,5,1,online_retail,0
100071,15.67,11,22.3,3,0,restaurant,0
100072,1.0,9,3.4,3,0,restaurant,0
100073,158.98,22,13.0,2,0,online_retail,0
100074,29.45,4,58.7,3,1,restaurant,1
100075,45.38,19,38.8,4,0,restaurant,0
100076,14.5,4,2.6,2,1,online_retail,1
100077,9.53,11,0.4,6,0,online_retail,0
100078,120.05,15,19.3,2,0,travel,0
100079,16.42,6,78.9,1,0,grocery,0
100080,189.36,6,27.5,5,0,online_retail,0
100081,31.15,4,9.2,2,1,restaurant,0
100082,245.65,0,16.2,2,0,restaurant,0
100083,73.01,6,15.2,6,1,online_retail,0
100084,46.97,4,32.7,3,0,restaurant,1
100085,22.37,15,21.4,4,0,grocery,0
100086,197.92,22,22.6,4,1,travel,0
100087,76.09,0,4.6,3,0,online_retail,1
100088,21.0,17,1.5,4,0,online_retail,0
100089,34.23,9,0.6,4,0,restaurant,0
100090,19.02,13,77.6,2,0,online_retail,0
100091,9.95,23,26.0,5,1,grocery,1
100092,37.08,9,36.9,3,1,grocery,0
100093,48.48,2,62.3,0,1,online_retail,0
100094,28.18,19,16.3,2,0,restaurant,0
100095,112.41,21,1.7,3,0,grocery,0
100096,17.69,6,58.5,3,0,online_retail,0
100097,73.46,13,28.0,5,0,restaurant,0
100098,35.37,15,9.6,3,0,grocery,0
100099,152.59,3,14.6,1,1,restaurant,1
100100,58.28,0,6.7,5,1,restaurant,0
100101,172.36,0,25.4,2,0,electronics,0
100102,44.74,15,48.3,6,1,electronics,0
100103,1.39,14,6.6,2,0,grocery,0
100104,1.0,23,11.4,2,1,restaurant,1
100105,4.68,14,14.8,2,0,online_retail,0
100106,6.34,17,3.9,6,0,online_retail,0
100107,131.75,11,12.6,2,1,grocery,0
100108,65.93,1,22.9,2,0,restaurant,0
100109,39.87,8,8.8,1,0,restaurant,0
100110,52.8,14,33.0,4,1,grocery,1
100111,253.08,16,18.2,2,0,grocery,0
100112,24.88,7,10.5,3,0,electronics,0
100113,25.01,3,12.9,4,1,online_retail,0
100114,1.0,22,23.5,6,0,grocery,0
100115,8.7,5,1.0,4,0,online_retail,0
100116,16.96,0,59.0,7,1,restaurant,0
100117,1.0,9,12.2,3,0,online_retail,0
100118,57.92,0,25.2,2,0,online_retail,0
100119,134.29,15,56.7,3,0,grocery,0
100120,30.19,2,2.3,4,1,restaurant,0
100121,13.85,7,20.1,1,0,travel,0
100122,56.76,8,5.7,1,1,electronics,0
100123,66.35,17,4.7,3,1,grocery,0
100124,41.81,21,17.6,4,0,grocery,0
100125,10.5,16,32.0,2,0,grocery,0
100126,133.77,13,13.7,5,0,grocery,0
100127,15.42,5,4.4,3,0,electronics,1
100128,32.26,15,19.9,4,0,restaurant,0
100129,11.65,17,6.0,2,0,electronics,0
100130,218.37,1,67.5,2,0,online_retail,0
100131,83.38,13,12.7,2,0,online_retail,0
100132,24.1,4,30.7,2,0,grocery,0
100133,89.38,2,6.0,3,1,restaurant,0
100134,2.09,9,13.2,2,1,online_retail,0
100135,44.6,19,3.1,5,0,grocery,0
100136,72.92,15,50.0,0,1,restaurant,0
100137,51.74,21,62.8,2,1,grocery,0
100138,107.66,18,8.2,0,1,grocery,0
100139,135.73,8,7.0,3,1,grocery,0
100140,60.82,13,38.9,2,0,grocery,0
100141,7.81,7,27.4,7,1,grocery,0
100142,77.2,6,15.5,5,1,grocery,0
100143,4.66,15,9.9,5,1,travel,0
100144,12.91,4,22.3,1,1,online_retail,0
100145,142.01,9,5.6,4,1,grocery,1
100146,265.9,10,19.6,7,1,online_retail,0
100147,94.02,12,26.1,1,1,online_retail,0
100148,10.55,6,44.3,5,0,online_retail,0
100149,138.31,5,11.9,1,0,electronics,0
100150,56.44,18,5.9,2,1,grocery,0
100151,36.51,11,12.8,2,0,grocery,0
100152,95.65,21,6.9,7,1,online_retail,0
100153,27.5,11,29.2,3,1,electronics,0
100154,17.16,19,25.8,3,0,electronics,0
100155,196.75,19,2.9,2,1,restaurant,0
100156,41.97,2,0.9,4,1,restaurant,1
100157,51.18,19,30.8,2,1,grocery,0
100158,23.02,18,13.5,3,1,restaurant,0
100159,139.82,14,24.6,2,0,travel,0
100160,27.85,0,36.4,4,0,grocery,1
100161,45.4,20,3.5,2,1,restaurant,0
100162,80.91,3,27.6,1,1,grocery,0
100163,4.88,21,21.2,5,1,online_retail,0
100164,68.73,16,15.5,3,0,online_retail,0
100165,335.73,8,20.0,0,0,grocery,0
100166,63.04,7,9.8,4,0,grocery,0
100167,97.48,13,9.8,1,1,travel,0
100168,63.97,19,5.5,6,0,travel,0
100169,79.51,7,4.6,5,1,online_retail,0
100170,13.0,16,6.7,3,0,restaurant,1
100171,59.57,9,10.6,1,1,online_retail,0
100172,14.96,15,8.0,3,1,electronics,0
100173,45.85,15,13.7,3,0,grocery,0
100174,136.79,14,7.6,2,1,online_retail,0
100175,270.44,5,9.6,3,1,electronics,0
100176,7.64,21,42.4,5,1,grocery,0
100177,22.43,13,7.5,4,1,restaurant,0
100178,5.87,19,0.1,3,1,restaurant,0
100179,91.46,9,10.7,2,0,online_retail,0
100180,3.72,0,3.9,1,1,online_retail,1
100181,151.25,22,2.1,3,0,grocery,0
100182,87.82,23,13.5,3,1,restaurant,0
100183,72.07,17,1.0,2,0,electronics,0
100184,62.03,10,21.8,5,1,online_retail,0
100185,122.36,15,5.5,2,1,restaurant,0
100186,22.95,7,8.1,2,0,restaurant,0
100187,40.88,5,7.8,0,1,restaurant,0
100188,9.87,20,25.3,5,1,restaurant,1
100189,77.05,5,9.2,3,0,electronics,0
100190,17.85,22,53.8,6,0,grocery,0
100191,30.2,14,46.0,1,1,grocery,0
100192,101.94,18,0.2,1,1,online_retail,0
100193,2.15,4,3.6,3,0,restaurant,0
100194,83.88,17,10.6,8,1,grocery,0
100195,26.55,17,5.2,1,0,online_retail,0
100196,216.47,0,16.4,2,0,grocery,0
100197,7.16,23,4.5,3,1,online_retail,0
100198,211.81,6,7.5,4,0,restaurant,0
100199,96.36,17,24.6,3,1,grocery,0
100200,28.53,19,32.5,3,1,grocery,0
100201,6.39,6,48.3,4,1,grocery,0
100202,12.6,23,82.4,1,1,online_retail,1
100203,19.74,9,51.9,2,1,grocery,0
100204,28.89,6,15.2,2,0,online_retail,0
100205,205.26,14,28.6,1,0,travel,0
100206,30.83,18,89.3,3,1,grocery,0
100207,15.25,22,13.2,4,1,electronics,0
100208,98.76,2,6.6,4,0,travel,0
100209,234.24,1,2.0,2,1,electronics,1
100210,85.4,17,9.8,5,1,grocery,0
100211,12.05,22,18.4,5,1,online_retail,0
100212,13.34,8,25.3,4,0,restaurant,0
100213,53.28,0,1.8,1,0,restaurant,0
100214,324.0,1,21.2,3,0,online_retail,0
100215,106.17,2,70.8,2,0,grocery,0
100216,26.02,4,20.7,2,1,grocery,0
100217,28.81,6,28.0,2,0,electronics,0
100218,27.76,13,10.8,6,0,restaurant,0
100219,90.96,4,40.8,3,1,grocery,1
100220,73.83,11,66.2,3,1,grocery,0
100221,65.01,23,79.6,3,0,restaurant,0
100222,60.57,16,2.4,2,0,restaurant,0
100223,200.4,0,7.6,3,0,restaurant,0
100224,51.35,8,4.9,2,1,grocery,0
100225,34.35,16,9.4,2,0,grocery,0
100226,3.39,14,27.7,2,0,online_retail,0
100227,29.24,7,12.4,2,1,online_retail,1
100228,8.32,9,4.9,3,0,grocery,0
100229,5.47,7,22.7,7,1,online_retail,0
100230,7.82,18,42.0,1,0,electronics,0
100231,25.97,20,48.0,3,0,online_retail,0
100232,21.36,0,40.6,2,1,grocery,0
100233,129.15,19,35.3,1,0,grocery,0
100234,328.11,14,6.6,6,1,restaurant,0
100235,49.96,12,14.9,3,0,electronics,0
100236,101.0,14,2.8,5,0,grocery,1
100237,169.79,7,33.8,4,1,restaurant,0
100238,58.83,1,11.8,3,0,online_retail,0
100239,20.18,6,8.5,2,1,restaurant,1
100240,10.24,18,15.3,1,1,grocery,0
100241,22.41,19,7.5,3,0,grocery,0
100242,76.04,15,17.4,1,0,restaurant,0
100243,65.61,13,0.8,5,1,grocery,0
100244,155.4,22,21.0,1,1,travel,0
100245,119.61,16,19.3,3,1,grocery,0
100246,1.98,4,9.7,3,0,restaurant,0
100247,1.45,16,27.6,6,1,restaurant,0
100248,69.79,10,9.4,5,0,restaurant,0
100249,57.01,10,17.6,4,0,restaurant,0
100250,34.63,20,6.3,3,1,online_retail,0
100251,57.24,23,1.5,3,1,travel,0
100252,95.05,22,28.0,7,1,online_retail,0
100253,47.2,8,10.8,4,0,online_retail,0
100254,50.47,16,19.8,1,0,restaurant,0
100255,10.14,11,0.5,5,0,restaurant,0
100256,4.33,8,0.1,2,1,electronics,0
100257,39.54,16,19.5,0,0,restaurant,0
100258,66.84,17,4.9,4,1,grocery,0
100259,76.95,11,20.3,2,0,travel,0
100260,35.23,10,18.4,7,1,online_retail,0
100261,83.55,15,0.1,2,0,online_retail,0
100262,20.91,12,43.3,1,0,online_retail,0
100263,196.0,18,26.2,6,1,electronics,1
100264,198.19,16,12.9,3,0,grocery,0
100265,13.1,0,5.3,1,1,online_retail,0
100266,71.62,22,1.2,4,1,online_retail,0
100267,7.71,21,21.4,2,0,online_retail,0
100268,201.03,0,57.3,4,0,electronics,1
100269,6.14,9,7.7,3,1,electronics,0
100270,59.53,16,3.0,3,0,online_retail,0
100271,8.96,1,38.8,6,0,online_retail,0
100272,63.83,21,23.3,0,0,grocery,0
100273,17.72,6,17.8,4,0,electronics,0
100274,2.52,8,8.0,4,1,grocery,0
100275,132.4,0,0.5,2,1,electronics,1
100276,32.4,5,1.6,6,0,restaurant,0
100277,2.23,1,24.4,4,0,online_retail,0
100278,62.77,13,9.6,5,0,grocery,1
100279,85.16,23,18.1,2,1,grocery,0
100280,96.55,0,134.9,2,0,restaurant,0
100281,54.82,14,47.7,6,0,restaurant,0
100282,51.1,19,161.3,1,1,travel,0
100283,20.11,18,0.4,3,0,grocery,0
100284,17.05,11,18.6,1,0,grocery,0
100285,34.27,4,24.7,2,1,grocery,0
100286,68.92,15,15.4,3,1,grocery,0
100287,173.58,9,9.4,6,1,electronics,0
100288,20.35,18,18.6,3,1,grocery,0
100289,30.47,12,5.1,1,1,grocery,0
100290,1.76,0,40.4,2,0,grocery,0
100291,11.06,19,8.3,3,1,restaurant,0
100292,218.0,4,6.7,1,0,electronics,0
100293,81.23,13,4.9,1,0,online_retail,0
100294,11.92,10,14.2,1,0,electronics,0
100295,59.84,2,13.9,0,1,restaurant,0
100296,32.29,14,14.5,2,0,online_retail,0
100297,10.82,21,43.0,1,0,online_retail,0
100298,67.0,8,4.5,3,0,electronics,0
100299,3.43,12,17.1,4,0,restaurant,0
100300,2.75,6,9.4,5,0,restaurant,0
100301,20.18,8,12.4,3,0,restaurant,0
100302,31.18,0,12.0,7,0,electronics,1
100303,111.34,17,29.3,2,0,grocery,1
100304,84.98,10,18.5,1,0,restaurant,0
100305,128.48,10,21.8,5,0,grocery,0
100306,90.53,22,16.8,4,0,electronics,0
100307,244.79,9,4.0,1,0,online_retail,0
100308,190.32,0,6.2,2,0,online_retail,0
100309,110.11,17,26.2,2,1,grocery,0
100310,57.91,14,9.7,2,1,grocery,0
100311,62.78,11,38.4,1,1,electronics,0
100312,22.37,4,1.3,1,0,grocery,1
100313,98.45,17,12.6,2,1,restaurant,0
100314,12.36,23,14.9,2,0,restaurant,1
100315,138.88,7,29.4,2,0,restaurant,0
100316,19.02,19,8.7,8,0,restaurant,0
100317,46.46,10,8.5,1,1,grocery,0
100318,142.61,5,4.8,3,0,grocery,0
100319,44.31,6,1.6,6,1,travel,0
100320,38.78,23,7.7,4,0,restaurant,0
100321,90.48,3,58.2,4,1,grocery,1
100322,46.25,7,14.3,4,1,grocery,0
100323,34.81,3,0.4,2,1,restaurant,0
100324,74.88,16,28.3,6,0,online_retail,0
100325,35.13,9,0.8,1,0,travel,0
100326,7.13,6,6.7,1,0,electronics,0
100327,26.05,2,16.9,2,0,electronics,0
100328,50.85,7,5.7,1,1,online_retail,0
100329,10.61,7,6.7,3,0,grocery,0
100330,141.29,1,5.1,5,1,grocery,0
100331,22.13,3,15.6,4,0,online_retail,0
100332,34.33,7,88.6,4,1,online_retail,0
100333,104.76,15,2.2,4,1,restaurant,0
100334,70.76,9,8.2,1,0,restaurant,0
100335,1.85,19,0.0,4,0,grocery,0
100336,10.37,0,33.6,5,1,online_retail,1
100337,52.33,7,25.3,5,1,grocery,0
100338,7.72,0,4.5,3,1,online_retail,0
100339,7.42,2,7.2,2,0,online_retail,0
100340,14.46,0,14.6,1,0,grocery,0
100341,8.59,14,7.6,3,0,online_retail,0
100342,36.12,21,12.3,5,0,electronics,1
100343,45.85,15,0.9,5,0,online_retail,0
100344,43.74,9,70.4,2,0,grocery,0
100345,8.02,6,10.9,3,0,online_retail,1
100346,1.0,21,6.7,3,0,online_retail,0
100347,60.72,16,3.3,3,0,restaurant,0
100348,2.5,11,41.7,0,1,online_retail,1
100349,30.41,18,10.5,2,0,travel,0
100350,22.0,13,8.8,6,0,online_retail,0
100351,25.34,2,21.3,1,0,grocery,0
100352,19.23,8,3.5,3,1,online_retail,1
100353,19.05,21,38.0,2,0,electronics,0
100354,24.29,18,28.7,1,0,restaurant,0
100355,3.14,2,22.6,1,1,grocery,0
100356,33.39,8,7.8,1,0,grocery,0
100357,47.03,21,8.9,2,0,grocery,0
100358,32.11,19,4.2,3,1,online_retail,1
100359,78.38,1,26.4,0,0,grocery,0
100360,110.68,9,8.5,3,0,restaurant,0
100361,5.09,2,8.5,1,1,grocery,0
100362,30.7,3,9.1,4,0,grocery,0
100363,85.64,5,50.8,3,1,restaurant,0
100364,77.67,10,10.7,2,1,grocery,0
100365,158.64,9,3.2,2,0,travel,0
100366,26.04,0,0.3,1,1,electronics,0
100367,113.74,15,8.5,2,0,restaurant,0
100368,25.69,9,32.6,1,0,electronics,0
100369,34.51,8,8.6,2,0,grocery,0
100370,126.61,9,35.5,4,1,grocery,0
100371,37.8,5,81.4,2,0,online_retail,0
100372,43.16,16,42.8,2,1,restaurant,0
100373,3.54,12,10.1,3,0,online_retail,0
100374,64.3,23,4.4,4,1,restaurant,0
100375,5.71,22,11.8,0,1,restaurant,0
100376,11.88,3,53.9,2,0,online_retail,1
100377,42.2,4,5.0,5,0,travel,0
100378,42.4,14,24.3,5,0,electronics,0
100379,38.01,11,66.9,6,0,online_retail,0
100380,56.0,20,16.4,4,0,online_retail,0
100381,90.44,15,12.6,3,1,grocery,0
100382,21.02,16,32.4,7,0,restaurant,0
100383,70.74,9,29.2,1,1,electronics,0
100384,5.46,5,2.7,4,1,restaurant,0
100385,69.17,6,10.0,4,1,grocery,0
100386,60.05,10,54.7,5,1,grocery,0
100387,19.03,12,13.1,6,0,online_retail,0
100388,29.16,22,6.1,4,1,restaurant,0
100389,42.86,18,22.0,3,0,restaurant,0
100390,63.54,12,11.6,1,0,restaurant,0
100391,95.61,16,7.0,1,1,online_retail,0
100392,13.37,16,3.4,2,0,online_retail,0
100393,87.14,2,6.0,4,0,grocery,0
100394,36.79,7,14.7,2,0,restaurant,0
100395,46.91,16,10.3,6,1,online_retail,0
100396,47.1,19,21.2,4,1,travel,0
100397,10.15,3,25.3,2,1,restaurant,0
100398,17.87,13,27.7,4,1,online_retail,0
100399,119.15,15,6.0,2,1,restaurant,0
100400,18.51,18,14.3,3,0,grocery,0
100401,33.36,22,6.3,3,1,grocery,0
100402,86.78,6,15.3,6,0,restaurant,0
100403,2.01,4,17.1,7,1,electronics,1
100404,102.15,5,21.4,3,0,restaurant,0
100405,167.62,23,24.3,1,1,electronics,0
100406,37.88,4,30.9,3,1,grocery,1
100407,20.17,7,3.3,3,0,restaurant,0
100408,26.57,14,15.4,4,1,restaurant,0
100409,156.27,8,19.3,3,1,electronics,1
100410,1.0,1,20.3,5,0,online_retail,0
100411,47.66,3,21.0,5,0,restaurant,0
100412,86.94,8,24.8,3,0,online_retail,1
100413,137.4,21,8.6,3,0,restaurant,0
100414,234.08,15,104.0,3,1,restaurant,0
100415,176.05,4,20.2,1,0,electronics,0
100416,78.27,6,8.0,6,1,grocery,0
100417,2.73,22,18.0,5,1,grocery,0
100418,28.85,6,48.6,4,0,grocery,0
100419,11.28,6,18.2,7,0,restaurant,0
100420,3.48,5,46.7,3,0,grocery,0
100421,15.63,2,2.4,4,0,grocery,0
100422,44.23,11,3.7,4,1,grocery,0
100423,199.72,21,1.3,4,0,grocery,0
100424,64.25,18,7.3,3,1,electronics,0
100425,74.87,15,27.4,2,0,electronics,0
100426,71.19,6,34.1,4,1,restaurant,1
100427,29.07,17,5.6,4,0,grocery,0
100428,35.42,12,8.4,2,1,grocery,0
100429,99.86,15,44.5,5,0,online_retail,0
100430,31.0,23,27.2,6,1,restaurant,0
100431,116.96,21,45.9,2,0,online_retail,0
100432,7.71,12,7.7,3,1,restaurant,0
100433,10.69,15,9.8,4,1,grocery,0
100434,42.17,6,33.1,1,0,online_retail,0
100435,41.82,15,6.7,6,1,grocery,0
100436,10.3,20,3.5,2,1,travel,0
100437,4.1,3,11.5,1,1,online_retail,0
100438,188.63,21,23.8,2,1,electronics,0
100439,32.18,0,10.4,5,1,restaurant,0
100440,8.59,17,55.9,2,0,electronics,0
100441,61.96,6,0.9,4,1,grocery,0
100442,94.55,7,45.6,4,0,electronics,0
100443,14.15,9,11.4,4,1,online_retail,0
100444,66.69,12,12.0,1,1,online_retail,0
100445,1.0,14,6.9,1,1,online_retail,0
100446,82.0,7,0.3,1,0,restaurant,0
100447,11.55,12,0.4,4,0,electronics,1
100448,91.66,22,7.2,4,0,travel,0
100449,47.65,16,0.4,7,0,restaurant,0
100450,91.75,0,88.6,2,0,travel,1
100451,74.93,14,92.7,4,0,restaurant,1
100452,112.63,20,63.9,3,0,restaurant,0
100453,84.87,14,48.8,5,0,restaurant,0
100454,51.9,6,10.8,3,0,restaurant,0
100455,58.97,6,1.2,3,0,restaurant,0
100456,137.4,3,7.6,2,1,online_retail,0
100457,23.25,15,1.0,5,0,restaurant,0
100458,1.24,20,0.9,2,1,online_retail,0
100459,126.62,10,7.7,0,1,electronics,0
100460,29.53,19,22.2,6,0,restaurant,0
100461,357.13,12,4.6,2,1,grocery,0
100462,167.93,0,0.8,1,0,grocery,0
100463,81.28,0,8.8,5,1,restaurant,0
100464,145.61,7,28.4,1,0,travel,0
100465,1.0,15,4.2,4,0,travel,0
100466,82.49,2,25.0,4,1,travel,1
100467,24.23,12,11.6,3,0,travel,0
100468,4.3,17,18.4,5,1,grocery,0
100469,23.25,21,12.8,5,0,online_retail,0
100470,14.06,21,70.9,2,1,electronics,0
100471,27.07,4,10.9,2,0,grocery,0
100472,37.61,6,1.6,5,1,online_retail,0
100473,86.02,0,26.7,2,0,online_retail,0
100474,50.52,8,8.8,3,0,online_retail,0
100475,95.13,9,2.2,5,0,online_retail,0
100476,81.78,0,2.1,1,0,grocery,0
100477,67.99,20,7.4,4,0,electronics,0
100478,39.92,2,14.5,2,1,online_retail,0
100479,136.35,11,1.6,4,0,grocery,0
100480,30.98,1,4.6,3,1,online_retail,1
100481,28.03,0,12.7,4,0,grocery,0
100482,22.14,17,7.8,3,1,electronics,0
100483,21.34,6,9.8,1,0,electronics,0
100484,47.21,4,0.7,3,1,online_retail,0
100485,10.03,5,43.5,3,0,electronics,1
100486,295.1,11,2.8,4,0,online_retail,1
100487,46.52,2,1.7,2,0,restaurant,0
100488,10.03,6,25.1,5,0,grocery,0
100489,70.65,22,14.3,1,0,electronics,0
100490,106.86,12,22.8,3,0,travel,0
100491,31.75,22,26.1,3,1,online_retail,0
100492,25.48,13,3.2,1,1,grocery,0
100493,50.64,5,5.9,5,1,grocery,0
100494,143.87,8,27.5,4,0,restaurant,0
100495,70.81,16,8.1,1,0,online_retail,0
100496,187.46,6,32.3,1,0,grocery,0
100497,21.95,2,39.6,1,0,grocery,0
100498,10.13,21,0.7,3,0,grocery,0
100499,13.93,1,41.5,6,1,online_retail,0
100500,46.14,22,1.9,1,1,online_retail,0
100501,167.56,20,2.8,6,0,restaurant,0
100502,1.0,11,10.8,3,0,grocery,0
100503,2.81,1,13.7,4,1,grocery,0
100504,23.85,9,6.7,3,1,restaurant,0
100505,43.21,4,7.1,4,0,online_retail,0
100506,26.74,12,17.7,3,1,electronics,0
100507,193.48,8,2.7,2,0,grocery,0
100508,78.1,13,15.9,4,0,restaurant,0
100509,3.86,4,2.2,2,0,online_retail,0
100510,58.53,22,7.9,3,0,travel,0
100511,76.69,5,49.6,4,1,online_retail,0
100512,8.49,10,8.7,2,1,grocery,0
100513,14.06,0,2.7,1,0,electronics,1
100514,24.15,8,1.3,2,1,restaurant,0
100515,17.68,16,51.0,6,1,grocery,0
100516,1.76,22,50.3,3,0,grocery,0
100517,155.6,8,3.9,0,1,grocery,0
100518,16.79,15,37.3,3,0,restaurant,0
100519,77.62,8,7.8,2,0,restaurant,0
100520,2.95,3,3.4,6,0,online_retail,0
100521,14.63,17,24.8,1,0,grocery,0
100522,45.34,13,55.5,3,0,electronics,0
100523,21.39,17,15.9,5,0,restaurant,0
100524,85.48,19,26.9,5,1,grocery,1
100525,6.4,4,2.6,3,1,travel,0
100526,195.89,13,6.6,0,1,grocery,0
100527,24.15,9,14.1,7,0,grocery,0
100528,18.08,6,15.1,5,1,restaurant,0
100529,242.6,11,6.5,4,0,online_retail,0
100530,163.3,8,1.7,0,1,grocery,0
100531,18.66,19,11.9,2,1,online_retail,0
100532,8.5,17,20.3,2,1,grocery,0
100533,52.53,21,1.5,4,1,grocery,0
100534,2.06,13,82.3,3,0,grocery,0
100535,20.95,6,14.9,3,0,travel,0
100536,209.96,0,0.9,3,1,restaurant,0
100537,57.45,9,30.7,3,1,online_retail,1
100538,59.08,7,14.9,4,0,online_retail,0
100539,99.09,12,9.1,1,1,grocery,0
100540,67.35,17,7.2,1,0,electronics,0
100541,39.05,12,12.8,3,0,restaurant,0
100542,216.55,1,5.5,8,1,online_retail,0
100543,51.5,7,44.5,2,0,grocery,0
100544,48.75,9,6.1,1,0,restaurant,0
100545,88.32,17,29.6,3,0,restaurant,0
100546,37.68,13,7.7,2,0,travel,0
100547,213.31,19,8.3,1,0,online_retail,0
100548,73.47,7,36.6,1,0,restaurant,0
100549,1.0,2,34.7,4,0,online_retail,0
100550,300.51,16,14.3,2,1,restaurant,0
100551,9.65,19,7.5,7,1,electronics,0
100552,73.25,1,22.2,0,0,travel,0
100553,79.47,14,101.0,4,0,online_retail,0
100554,4.91,22,24.6,3,0,restaurant,0
100555,112.69,18,6.8,3,0,grocery,0
100556,18.52,18,47.7,3,1,online_retail,0
100557,98.25,10,80.4,4,0,grocery,1
100558,11.36,21,0.5,2,0,electronics,0
100559,42.43,4,43.2,3,0,online_retail,0
100560,38.58,12,40.5,3,1,grocery,0
100561,21.26,10,54.1,4,0,online_retail,0
100562,130.51,11,29.7,6,1,restaurant,0
100563,174.25,3,2.8,1,1,online_retail,0
100564,3.18,7,14.1,4,1,grocery,0
100565,19.7,22,17.9,2,1,electronics,0
100566,17.84,2,39.6,0,0,restaurant,1
100567,1.87,17,18.1,4,0,online_retail,0
100568,21.2,12,1.0,2,0,online_retail,1
100569,39.46,19,61.4,2,1,online_retail,0
100570,14.21,7,21.4,2,0,online_retail,0
100571,56.03,1,19.3,6,1,online_retail,0
100572,151.84,20,19.7,1,0,grocery,0
100573,42.05,12,63.6,4,1,electronics,0
100574,3.0,3,14.1,1,1,grocery,0
100575,136.47,6,41.6,2,0,online_retail,0
100576,107.55,0,9.0,1,0,online_retail,0
100577,25.32,13,63.4,3,0,online_retail,0
100578,119.18,18,5.5,1,0,grocery,0
100579,17.47,12,0.3,6,1,restaurant,0
100580,111.87,23,11.3,4,1,grocery,1
100581,30.36,16,0.0,2,0,restaurant,0
100582,71.63,10,3.4,2,0,grocery,0
100583,120.94,19,0.4,3,0,travel,0
100584,55.54,20,57.0,2,1,online_retail,0
100585,30.8,5,66.3,2,1,restaurant,0
100586,15.33,17,6.7,4,0,online_retail,0
100587,3.1,16,0.5,6,0,grocery,0
100588,79.51,18,2.7,4,0,online_retail,0
100589,36.1,15,46.3,3,0,electronics,0
100590,80.66,14,64.6,4,0,restaurant,0
100591,12.52,10,32.8,2,1,grocery,0
100592,97.31,12,22.9,5,0,restaurant,0
100593,44.55,19,26.8,4,0,restaurant,0
100594,146.9,15,1.0,1,1,electronics,0
100595,41.77,23,25.7,5,1,restaurant,0
100596,22.97,19,8.0,3,0,online_retail,0
100597,111.24,23,40.4,0,1,grocery,0
100598,19.43,22,1.6,3,0,grocery,0
100599,37.71,10,2.3,0,1,restaurant,0
100600,46.46,21,0.8,1,0,online_retail,0
100601,113.41,21,23.5,6,1,online_retail,0
100602,38.52,17,16.4,1,0,restaurant,0
100603,130.01,20,12.7,3,1,travel,0
100604,1.0,22,7.2,2,0,grocery,0
100605,105.68,18,1.2,2,0,restaurant,0
100606,14.36,0,2.0,4,0,online_retail,0
100607,1.0,5,0.5,3,0,grocery,0
100608,96.78,0,9.8,3,0,electronics,0
100609,44.72,18,14.8,0,0,travel,0
100610,60.43,6,9.3,1,0,online_retail,0
100611,21.71,21,4.7,1,0,travel,0
100612,434.35,0,22.0,3,0,online_retail,1
100613,47.85,16,6.5,5,0,online_retail,0
100614,28.6,13,6.5,3,0,electronics,0
100615,40.9,14,70.3,0,1,electronics,0
100616,34.53,4,8.7,1,0,restaurant,1
100617,63.54,20,26.1,3,0,online_retail,0
100618,47.73,21,3.7,1,0,online_retail,0
100619,131.27,23,26.6,4,1,restaurant,0
100620,159.5,2,49.8,1,1,grocery,0
100621,166.51,16,6.8,1,0,grocery,0
100622,5.51,18,19.6,0,1,restaurant,0
100623,3.04,18,8.8,3,0,online_retail,0
100624,8.49,1,4.5,4,1,grocery,0
100625,143.4,3,5.8,6,0,grocery,0
100626,17.72,22,65.8,2,0,restaurant,0
100627,204.47,2,6.5,3,1,online_retail,0
100628,19.14,8,24.8,0,0,electronics,0
100629,5.01,11,2.0,0,1,electronics,0
100630,169.75,6,1.4,1,1,online_retail,0
100631,16.11,16,19.0,6,0,restaurant,0
100632,14.47,7,27.2,4,0,restaurant,0
100633,22.24,21,54.8,3,1,restaurant,0
100634,1.0,16,25.2,4,0,restaurant,0
100635,17.78,6,6.7,3,0,online_retail,0
100636,72.96,20,9.0,0,0,grocery,0
100637,40.95,13,16.1,4,0,online_retail,0
100638,8.47,16,1.6,3,1,grocery,0
100639,44.64,7,16.8,1,0,online_retail,0
100640,22.58,3,17.7,5,0,restaurant,0
100641,33.79,11,31.6,1,1,restaurant,0
100642,68.05,8,26.4,5,1,restaurant,1
100643,28.9,0,5.8,3,1,restaurant,0
100644,20.94,11,8.0,3,0,grocery,0
100645,64.44,4,38.9,3,0,online_retail,0
100646,5.94,6,20.2,2,0,online_retail,0
100647,57.22,1,19.5,2,1,grocery,0
100648,130.75,22,68.2,2,0,travel,0
100649,135.58,13,57.2,3,0,grocery,0
100650,5.61,16,4.3,1,0,online_retail,0
100651,2.35,4,5.4,3,1,grocery,1
100652,100.59,16,36.3,3,0,online_retail,1
100653,193.46,13,14.5,5,1,electronics,0
100654,11.67,5,5.6,4,0,grocery,0
100655,36.94,11,55.6,7,1,online_retail,0
100656,8.38,12,16.2,1,1,restaurant,0
100657,60.07,17,89.0,0,0,grocery,0
100658,110.48,5,61.1,5,1,online_retail,0
100659,21.02,21,60.5,5,0,grocery,0
100660,27.95,7,24.6,3,1,grocery,0
100661,15.86,15,17.3,3,0,travel,0
100662,50.05,18,4.4,2,1,electronics,0
100663,24.78,18,11.2,1,0,restaurant,0
100664,94.81,5,15.8,2,0,electronics,0
100665,26.26,8,50.5,3,1,online_retail,0
100666,41.1,16,66.3,2,0,restaurant,0
100667,9.43,7,14.5,4,1,grocery,0
100668,38.35,5,39.2,1,0,online_retail,0
100669,98.78,20,0.5,4,0,travel,0
100670,35.43,19,23.0,1,0,restaurant,0
100671,3.49,4,10.6,5,0,online_retail,0
100672,35.32,3,2.8,4,1,grocery,0
100673,18.95,9,57.0,5,1,restaurant,0
100674,64.42,21,7.2,3,0,electronics,0
100675,4.54,7,8.6,6,1,travel,0
100676,37.44,1,13.6,2,0,online_retail,0
100677,8.74,15,0.6,4,0,restaurant,0
100678,24.39,5,1.4,6,0,restaurant,0
100679,137.68,10,15.7,2,1,online_retail,1
100680,1.72,15,20.0,5,0,online_retail,0
100681,15.93,8,46.9,2,0,restaurant,0
100682,1.0,8,10.2,2,1,restaurant,0
100683,46.42,9,23.1,0,0,grocery,0
100684,28.47,3,69.3,4,1,online_retail,0
100685,95.64,4,22.5,3,0,grocery,0
100686,112.71,3,2.6,4,0,travel,0
100687,134.21,21,32.0,2,0,travel,0
100688,29.95,12,17.5,5,0,restaurant,0
100689,2.25,9,7.9,2,0,online_retail,0
100690,41.32,7,9.1,4,1,electronics,0
100691,16.15,14,54.6,1,0,grocery,0
100692,37.64,21,16.1,5,0,online_retail,0
100693,119.57,20,1.7,3,1,travel,0
100694,52.41,17,9.6,1,1,online_retail,0
100695,30.23,23,71.4,4,0,online_retail,0
100696,119.02,11,8.3,2,0,restaurant,0
100697,13.12,22,9.6,7,0,restaurant,0
100698,98.48,15,1.8,3,0,grocery,0
100699,31.4,17,3.4,4,1,restaurant,1
100700,1.06,5,25.3,1,1,electronics,1
100701,89.07,9,5.8,5,0,online_retail,0
100702,16.73,10,22.8,2,0,grocery,0
100703,23.8,1,36.8,3,1,grocery,0
100704,47.52,19,12.3,0,0,online_retail,0
100705,60.54,7,20.6,2,1,online_retail,1
100706,6.14,21,23.5,6,0,online_retail,0
100707,164.39,4,15.5,3,1,grocery,0
100708,47.28,3,37.0,5,0,grocery,0
100709,106.24,16,42.5,1,0,travel,1
100710,3.69,7,68.3,1,0,electronics,0
100711,15.49,16,28.3,2,0,grocery,0
100712,32.32,18,2.6,3,1,electronics,0
100713,11.28,5,25.0,2,1,grocery,0
100714,57.61,6,7.9,7,0,grocery,0
100715,84.5,0,8.4,3,1,grocery,0
100716,96.92,8,46.4,3,0,travel,0
100717,100.88,10,15.6,0,0,grocery,0
100718,11.81,2,7.6,2,0,electronics,0
100719,99.64,19,24.4,4,1,restaurant,0
100720,27.78,20,11.7,2,0,online_retail,0
100721,89.13,2,23.3,2,0,grocery,1
100722,27.16,2,9.2,3,0,restaurant,0
100723,22.78,10,20.3,1,0,grocery,0
100724,4.9,16,56.3,3,0,restaurant,0
100725,171.93,8,13.3,3,0,online_retail,0
100726,1.16,2,45.4,1,0,restaurant,0
100727,12.25,9,20.0,2,0,restaurant,0
100728,69.64,6,29.2,4,0,grocery,0
100729,17.31,18,50.2,3,1,online_retail,0
100730,189.75,22,24.4,2,1,grocery,0
100731,11.68,20,6.6,2,1,travel,0
100732,7.4,2,8.2,4,1,grocery,0
100733,15.59,12,22.5,3,1,online_retail,0
100734,10.91,18,17.2,3,0,restaurant,0
100735,333.31,5,11.6,5,1,restaurant,0
100736,5.88,5,3.7,2,1,online_retail,0
100737,26.99,22,1.8,3,1,grocery,0
100738,24.65,19,14.7,2,0,grocery,0
100739,72.56,0,24.9,4,0,restaurant,0
100740,22.55,7,4.3,2,1,grocery,0
100741,20.51,2,5.0,5,1,grocery,1
100742,30.53,12,53.8,0,1,online_retail,0
100743,30.45,0,9.4,6,0,online_retail,1
100744,63.21,19,9.1,3,1,restaurant,0
100745,16.57,11,11.9,5,1,electronics,0
100746,59.64,2,3.3,5,1,travel,1
100747,32.64,23,23.2,4,0,grocery,0
100748,1.72,9,15.5,5,0,grocery,0
100749,34.17,19,15.2,7,1,grocery,0
100750,34.65,21,59.6,1,1,grocery,0
100751,52.39,9,25.7,3,1,online_retail,0
100752,67.11,6,66.4,6,0,grocery,0
100753,265.56,22,4.3,2,0,online_retail,0
100754,5.45,13,6.8,3,0,restaurant,0
100755,25.09,4,36.8,3,0,travel,0
100756,47.24,21,0.2,5,0,grocery,0
100757,4.35,6,94.0,4,0,travel,0
100758,134.26,16,5.4,2,1,restaurant,0
100759,9.4,1,25.8,2,0,travel,0
100760,99.6,22,19.9,5,0,online_retail,0
100761,9.13,19,11.9,2,0,grocery,0
100762,1.29,13,3.8,2,1,electronics,1
100763,62.81,13,2.6,1,1,restaurant,0
100764,5.2,16,11.1,1,0,grocery,0
100765,75.42,10,28.7,2,0,restaurant,1
100766,53.51,1,30.7,4,0,restaurant,0
100767,326.17,5,18.8,7,1,restaurant,0
100768,91.32,22,11.9,5,1,online_retail,0
100769,41.25,15,37.0,1,1,online_retail,0
100770,119.6,10,2.9,4,0,online_retail,0
100771,150.96,1,4.9,4,1,electronics,1
100772,176.01,12,14.0,5,1,grocery,0
100773,163.93,21,31.5,4,1,grocery,1
100774,279.48,12,18.0,4,0,online_retail,0
100775,77.04,1,10.7,1,0,online_retail,0
100776,58.97,7,22.9,5,1,online_retail,0
100777,71.6,0,1.1,5,0,restaurant,0
100778,132.16,23,25.1,1,0,grocery,0
100779,184.08,3,56.4,2,1,restaurant,0
100780,68.57,15,74.3,4,0,online_retail,0
100781,107.08,2,19.5,1,0,electronics,0
100782,208.04,12,35.5,4,0,online_retail,1
100783,96.41,21,8.0,3,1,grocery,0
100784,76.76,3,10.0,1,1,restaurant,0
100785,24.51,15,28.5,2,0,grocery,0
100786,12.65,17,25.7,2,1,grocery,0
100787,64.86,0,38.1,8,0,restaurant,0
100788,24.87,15,13.4,9,1,online_retail,0
100789,105.65,3,8.9,1,1,restaurant,0
100790,83.74,22,4.1,4,1,restaurant,0
100791,91.7,15,3.2,7,1,online_retail,1
100792,51.57,13,19.3,1,0,restaurant,0
100793,25.35,0,15.2,3,1,grocery,0
100794,103.44,7,33.2,5,0,online_retail,0
100795,72.58,9,1.4,6,0,restaurant,0
100796,23.62,15,5.9,5,1,online_retail,0
100797,12.08,11,14.9,2,0,grocery,0
100798,310.03,3,59.4,0,0,online_retail,0
100799,100.84,3,4.9,1,1,online_retail,0
100800,2.87,5,15.8,7,0,electronics,0
100801,1.06,0,29.0,3,1,grocery,0
100802,20.18,13,1.2,1,0,grocery,0
100803,132.92,5,20.6,2,0,grocery,0
100804,41.15,15,48.6,3,1,restaurant,0
100805,39.44,13,1.1,6,1,online_retail,0
100806,4.9,23,14.1,5,0,online_retail,0
100807,39.14,15,3.6,5,1,grocery,0
100808,8.28,0,63.8,3,1,online_retail,0
100809,6.93,0,23.4,3,1,online_retail,0
100810,91.32,21,9.4,4,1,travel,0
100811,41.3,0,28.7,3,0,electronics,0
100812,164.38,9,2.5,4,0,online_retail,0
100813,125.25,3,28.7,1,0,online_retail,1
100814,193.4,0,0.9,2,0,restaurant,0
100815,20.74,10,17.5,1,0,grocery,0
100816,95.52,9,17.4,3,0,online_retail,0
100817,33.53,21,13.4,5,0,grocery,0
100818,197.23,14,18.8,1,0,grocery,0
100819,130.59,13,37.8,2,1,online_retail,0
100820,167.28,8,9.1,5,1,travel,1
100821,8.12,14,14.9,2,0,online_retail,0
100822,18.58,8,17.1,1,0,electronics,0
100823,59.29,15,21.5,3,1,electronics,0
100824,118.4,19,6.2,1,1,grocery,0
100825,52.67,13,44.2,1,0,online_retail,0
100826,18.64,10,8.2,6,0,restaurant,0
100827,23.97,9,10.1,3,1,restaurant,0
100828,17.43,22,55.7,3,0,grocery,0
100829,9.79,2,13.2,2,0,travel,0
100830,7.65,6,22.7,5,1,restaurant,0
100831,206.06,5,0.6,4,0,restaurant,0
100832,24.87,2,5.6,3,1,online_retail,0
100833,90.19,21,13.6,6,0,online_retail,0
100834,148.79,11,3.7,2,0,online_retail,0
100835,16.44,1,39.1,6,0,online_retail,1
100836,66.8,17,2.0,3,0,online_retail,0
100837,131.95,5,18.2,5,1,online_retail,0
100838,61.48,8,24.9,1,0,grocery,0
100839,59.7,17,13.8,7,0,travel,0
100840,37.87,5,53.9,2,0,restaurant,0
100841,61.67,20,20.1,3,0,grocery,0
100842,82.02,13,1.9,4,1,online_retail,0
100843,76.8,19,2.4,3,1,restaurant,0
100844,27.55,19,77.8,2,0,online_retail,0
100845,71.89,18,19.9,7,1,online_retail,0
100846,178.51,13,0.9,0,1,online_retail,0
100847,3.66,0,27.9,2,0,online_retail,0
100848,26.42,14,7.8,5,1,online_retail,0
100849,38.11,17,15.3,5,1,online_retail,0
100850,150.97,9,0.2,3,0,restaurant,0
100851,30.77,8,6.2,6,0,restaurant,1
100852,8.43,15,12.7,1,0,travel,0
100853,149.3,12,6.6,4,1,restaurant,1
100854,5.75,18,36.2,1,1,restaurant,0
100855,55.9,7,106.4,6,0,online_retail,1
100856,23.01,1,8.4,2,1,restaurant,0
100857,32.54,13,7.0,3,0,restaurant,0
100858,23.74,23,7.8,1,0,grocery,0
100859,37.02,21,22.1,3,1,restaurant,0
100860,64.87,10,2.2,3,0,restaurant,0
100861,23.65,13,2.0,2,0,online_retail,0
100862,4.71,11,1.5,4,1,restaurant,0
100863,23.25,16,34.3,4,1,online_retail,1
100864,107.0,11,54.6,5,1,grocery,0
100865,8.78,16,6.2,2,1,online_retail,0
100866,127.03,17,27.1,2,0,online_retail,0
100867,4.26,1,29.5,3,0,restaurant,0
100868,30.72,11,1.0,4,0,restaurant,0
100869,120.1,1,23.1,1,1,online_retail,0
100870,88.57,14,6.3,2,0,restaurant,0
100871,3.02,1,53.2,1,0,restaurant,0
100872,240.98,7,27.7,2,1,restaurant,0
100873,7.81,22,5.1,3,1,grocery,0
100874,34.17,6,40.2,8,1,grocery,0
100875,5.58,22,21.9,4,1,grocery,1
100876,67.79,12,126.3,4,1,grocery,0
100877,71.46,2,39.8,2,0,grocery,0
100878,21.78,2,4.1,4,0,online_retail,0
100879,12.55,6,5.7,3,1,grocery,0
100880,36.21,1,16.1,3,0,restaurant,0
100881,4.58,19,8.0,2,0,online_retail,0
100882,64.46,17,47.3,3,0,electronics,0
100883,46.61,18,29.0,1,0,grocery,0
100884,105.96,3,14.4,5,1,online_retail,0
100885,194.75,15,52.8,1,0,restaurant,0
100886,51.32,14,9.2,5,1,restaurant,0
100887,207.26,4,85.8,3,0,online_retail,1
100888,4.53,22,6.8,4,0,grocery,0
100889,44.01,0,0.3,3,0,online_retail,0
100890,22.9,20,4.7,3,0,grocery,0
100891,30.5,0,29.0,3,1,grocery,0
100892,19.07,2,3.5,4,0,online_retail,0
100893,55.48,20,28.9,2,1,restaurant,0
100894,50.27,11,37.0,1,0,grocery,0
100895,5.75,19,7.4,7,0,grocery,0
100896,50.56,13,8.4,4,1,grocery,0
100897,84.65,13,29.4,4,0,online_retail,0
100898,15.02,8,16.5,4,0,grocery,0
100899,126.74,5,2.0,4,0,restaurant,0
100900,155.16,8,11.2,4,0,grocery,0
100901,7.52,8,8.3,3,0,grocery,0
100902,161.89,22,35.5,1,0,restaurant,0
100903,8.55,3,25.9,4,0,travel,1
100904,32.21,3,6.7,1,0,grocery,0
100905,181.91,13,2.6,4,0,grocery,0
100906,25.35,20,4.1,4,0,restaurant,0
100907,209.0,14,6.0,4,0,online_retail,0
100908,36.34,18,5.0,3,0,restaurant,0
100909,74.36,0,10.6,3,0,electronics,0
100910,123.27,4,0.3,3,0,online_retail,0
100911,73.83,3,1.6,3,0,online_retail,0
100912,28.77,8,7.7,1,0,restaurant,0
100913,47.48,6,1.5,2,0,electronics,0
100914,8.3,12,33.9,3,1,restaurant,0
100915,227.25,20,11.9,1,0,online_retail,0
100916,4.07,21,44.1,2,1,grocery,0
100917,1.0,4,10.2,3,0,online_retail,0
100918,132.66,0,38.8,1,0,restaurant,1
100919,38.55,1,21.3,2,0,restaurant,0
100920,21.33,21,3.7,6,0,restaurant,0
100921,17.55,7,0.2,2,0,grocery,0
100922,91.53,1,4.2,1,0,online_retail,0
100923,69.56,10,40.7,3,1,grocery,0
100924,57.7,7,25.1,0,0,electronics,0
100925,101.43,7,1.3,2,1,restaurant,0
100926,120.27,0,27.4,2,0,grocery,0
100927,2.04,14,11.6,4,0,grocery,0
100928,1.78,23,75.8,2,0,travel,0
100929,3.32,15,21.4,1,0,online_retail,0
100930,322.88,23,14.5,3,0,grocery,0
100931,19.63,17,17.3,3,0,online_retail,0
100932,27.34,10,1.3,3,1,travel,0
100933,28.38,8,71.6,1,0,online_retail,0
100934,108.27,17,20.5,2,1,grocery,0
100935,83.6,23,10.8,1,0,travel,0
100936,80.94,1,0.7,3,1,online_retail,0
100937,23.4,21,5.6,2,1,travel,0
100938,41.76,13,65.7,3,0,grocery,0
100939,16.3,15,16.4,1,0,grocery,0
100940,156.56,8,84.2,3,1,electronics,0
100941,71.46,20,9.8,3,1,grocery,1
100942,6.97,13,55.0,5,0,restaurant,0
100943,106.55,6,9.7,1,0,restaurant,0
100944,29.75,7,6.8,5,0,grocery,0
100945,110.87,17,44.7,3,0,travel,0
100946,75.14,15,2.3,6,1,grocery,1
100947,6.64,13,7.1,2,0,restaurant,0
100948,5.07,11,17.2,5,1,travel,0
100949,7.1,0,5.7,6,1,online_retail,0
100950,11.5,11,12.0,3,0,electronics,1
100951,191.73,19,20.8,2,0,online_retail,0
100952,4.04,11,42.0,3,0,online_retail,0
100953,9.07,17,16.7,6,0,restaurant,0
100954,89.78,8,10.8,5,1,electronics,0
100955,18.97,17,2.6,1,1,online_retail,0
100956,183.7,12,35.2,1,0,grocery,0
100957,130.88,12,3.7,4,1,grocery,0
100958,47.6,17,5.2,3,0,online_retail,0
100959,2.15,21,5.1,5,1,restaurant,0
100960,76.36,15,8.2,5,1,grocery,0
100961,46.34,10,6.3,2,0,grocery,0
100962,1.0,3,6.5,4,1,grocery,0
100963,84.24,12,3.3,6,0,online_retail,0
100964,5.4,15,5.8,4,0,online_retail,0
100965,82.67,7,28.2,0,0,grocery,0
100966,33.11,4,61.3,1,0,grocery,0
100967,69.84,9,21.4,2,1,restaurant,0
100968,79.29,15,62.7,3,1,online_retail,0
100969,41.73,13,3.9,1,0,travel,0
100970,43.53,17,29.0,1,1,electronics,0
100971,70.73,12,1.9,4,1,restaurant,0
100972,147.44,15,22.6,0,0,electronics,0
100973,7.14,14,31.9,2,1,travel,0
100974,32.64,18,45.9,2,0,restaurant,1
100975,70.04,18,5.7,4,1,electronics,0
100976,35.25,9,53.6,1,0,online_retail,0
100977,317.42,23,13.4,4,1,restaurant,0
100978,54.23,23,7.5,1,1,restaurant,0
100979,84.64,12,12.7,3,0,restaurant,0
100980,75.92,21,6.0,6,1,grocery,0
100981,24.43,13,11.6,3,1,online_retail,0
100982,42.44,12,7.7,3,0,online_retail,0
100983,55.45,14,25.5,5,1,travel,0
100984,55.36,7,12.4,3,0,travel,0
100985,12.86,2,9.7,3,0,grocery,0
100986,136.53,22,5.3,4,1,online_retail,0
100987,38.13,23,6.0,3,0,restaurant,0
100988,53.4,13,29.4,2,0,grocery,0
100989,72.04,18,32.1,5,1,grocery,0
100990,71.05,3,8.8,3,0,restaurant,0
100991,49.38,15,1.5,4,1,grocery,0
100992,57.19,9,21.7,6,1,restaurant,0
100993,89.32,22,4.6,2,0,grocery,0
100994,21.91,2,3.8,3,1,grocery,0
100995,39.89,6,1.0,1,1,grocery,0
100996,122.92,11,6.5,3,0,online_retail,0
100997,107.04,8,7.2,3,1,grocery,1
100998,46.46,6,13.4,5,0,grocery,0
100999,29.47,18,3.4,4,1,online_retail,0
101000,37.14,3,23.1,1,0,online_retail,0
101001,62.66,8,4.9,3,0,grocery,0
101002,166.38,18,13.4,6,1,grocery,0
101003,54.0,0,7.6,5,1,restaurant,0
101004,3.78,7,21.4,4,1,grocery,0
101005,10.44,3,36.7,2,0,grocery,0
101006,88.76,22,10.3,4,1,online_retail,1
101007,65.05,4,8.3,5,0,grocery,0
101008,147.94,16,33.4,5,1,grocery,0
101009,50.23,18,52.6,2,1,restaurant,0
101010,11.59,9,89.4,7,1,online_retail,1
101011,21.58,22,6.3,4,1,online_retail,0
101012,36.86,7,15.4,4,0,online_retail,0
101013,68.45,2,2.5,3,0,restaurant,0
101014,39.02,3,0.4,3,1,restaurant,0
101015,34.69,23,0.4,3,1,electronics,1
101016,85.99,8,2.4,2,0,electronics,0
101017,18.62,8,51.5,1,0,restaurant,0
101018,2.53,13,21.0,5,0,restaurant,0
101019,41.64,21,15.6,3,1,restaurant,0
101020,170.06,0,0.0,7,0,online_retail,1
101021,299.44,13,27.4,4,0,grocery,0
101022,3.87,13,3.6,2,0,restaurant,0
101023,33.55,15,20.9,1,0,online_retail,0
101024,24.34,5,0.8,2,1,travel,0
101025,8.15,9,39.4,3,0,restaurant,0
101026,229.52,3,3.5,5,0,restaurant,0
101027,2.08,6,5.8,2,1,grocery,0
101028,20.12,3,1.2,2,0,online_retail,0
101029,2.45,1,3.1,3,1,travel,0
101030,6.01,6,1.2,2,1,restaurant,0
101031,44.11,2,52.4,4,0,restaurant,0
101032,118.83,14,31.9,5,0,restaurant,0
101033,37.52,7,20.5,5,0,grocery,0
101034,24.3,6,22.7,3,0,electronics,0
101035,63.91,10,15.2,4,1,online_retail,0
101036,69.87,16,85.8,2,0,restaurant,0
101037,64.22,15,10.5,5,0,online_retail,0
101038,17.01,11,2.6,0,0,electronics,0
101039,69.3,3,25.6,5,0,electronics,0
101040,74.49,8,36.0,0,0,electronics,0
101041,101.39,11,48.2,2,0,grocery,0
101042,77.45,23,18.7,1,1,online_retail,0
101043,151.83,21,10.8,2,1,travel,0
101044,49.45,22,22.9,5,0,restaurant,0
101045,12.13,7,3.7,0,1,grocery,0
101046,71.33,4,0.6,3,0,grocery,0
101047,21.26,6,16.1,4,0,online_retail,0
101048,16.73,11,54.3,3,0,online_retail,0
101049,17.65,4,1.4,3,1,grocery,0
101050,365.37,13,6.8,3,1,travel,0
101051,93.2,21,2.6,2,0,grocery,0
101052,89.55,8,54.1,2,1,online_retail,0
101053,122.38,4,17.4,5,1,online_retail,0
101054,4.9,8,2.1,2,0,grocery,0
101055,8.45,3,31.9,4,0,online_retail,0
101056,24.27,23,138.4,1,0,grocery,0
101057,54.29,2,5.3,4,1,online_retail,0
101058,22.89,14,12.9,4,0,restaurant,0
101059,35.24,18,7.1,8,0,restaurant,0
101060,9.29,22,12.8,0,1,restaurant,0
101061,89.83,17,1.5,4,1,online_retail,0
101062,38.92,8,1.6,3,1,travel,0
101063,147.41,22,11.5,2,1,grocery,0
101064,203.49,15,30.3,3,0,online_retail,0
101065,186.93,13,13.1,1,0,travel,0
101066,3.49,13,22.7,2,0,grocery,0
101067,238.59,2,0.9,4,0,electronics,0
101068,74.71,19,11.2,4,0,grocery,0
101069,50.29,4,6.9,4,0,online_retail,0
101070,130.53,5,0.5,1,1,online_retail,0
101071,14.79,12,16.8,6,0,online_retail,0
101072,24.62,0,16.1,5,1,grocery,0
101073,41.77,19,7.1,1,0,travel,0
101074,24.42,19,3.7,2,0,online_retail,0
101075,14.62,4,5.3,4,1,restaurant,0
101076,138.18,21,19.6,0,0,restaurant,0
101077,10.29,12,6.1,3,0,grocery,0
101078,41.21,1,46.5,3,1,restaurant,0
101079,19.68,15,32.2,4,0,restaurant,0
101080,182.99,21,1.1,3,0,online_retail,0
101081,39.21,9,21.9,5,1,grocery,0
101082,166.6,11,10.0,3,1,electronics,0
101083,33.15,4,50.2,1,0,restaurant,0
101084,2.85,1,2.1,4,0,online_retail,0
101085,53.16,0,0.0,3,0,restaurant,0
101086,74.03,6,37.6,3,1,restaurant,0
101087,33.5,16,72.1,1,0,restaurant,1
101088,40.84,4,8.4,3,1,restaurant,0
101089,41.21,2,58.5,5,0,restaurant,0
101090,4.39,12,36.8,4,0,restaurant,0
101091,136.87,18,5.6,4,0,restaurant,0
101092,17.95,23,35.4,1,0,online_retail,0
101093,86.23,17,11.5,4,0,electronics,0
101094,9.13,9,1.6,1,0,grocery,0
101095,69.62,12,9.6,6,1,online_retail,0
101096,120.1,16,52.1,4,1,electronics,0
101097,24.52,9,29.4,4,0,online_retail,0
101098,99.79,7,65.1,3,1,restaurant,0
101099,36.99,21,1.1,4,0,grocery,0
101100,64.02,3,20.0,6,0,online_retail,0
101101,54.02,17,17.0,1,1,grocery,0
101102,72.43,23,6.4,3,1,restaurant,0
101103,11.01,17,8.6,1,0,travel,0
101104,86.73,21,21.6,1,1,restaurant,0
101105,6.7,13,46.1,1,0,restaurant,0
101106,98.85,2,0.7,4,0,restaurant,0
101107,139.5,5,75.6,4,0,online_retail,0
101108,142.91,6,4.2,4,0,electronics,0
101109,54.05,10,9.4,1,0,restaurant,0
101110,20.32,13,13.8,1,1,travel,0
101111,41.33,0,16.9,1,1,restaurant,0
101112,232.67,17,28.5,3,0,online_retail,0
101113,145.8,16,10.9,3,1,grocery,0
101114,5.23,7,15.0,2,1,grocery,0
101115,9.43,19,19.1,4,0,grocery,0
101116,11.28,1,11.9,5,0,electronics,0
101117,79.24,0,31.7,3,0,online_retail,0
101118,124.24,6,70.9,4,1,online_retail,0
101119,5.27,2,2.3,2,0,electronics,0
101120,48.69,13,15.5,1,0,online_retail,0
101121,40.98,2,12.3,5,1,travel,0
101122,5.83,20,11.8,4,0,restaurant,0
101123,84.3,3,13.0,3,1,electronics,0
101124,41.28,0,5.8,4,0,restaurant,0
101125,66.18,23,22.2,3,0,travel,0
101126,41.78,17,17.4,5,1,restaurant,0
101127,76.87,10,9.9,3,0,restaurant,0
101128,8.18,14,45.0,2,0,restaurant,0
101129,259.34,3,5.6,2,0,grocery,0
101130,218.36,7,6.7,1,1,grocery,0
101131,8.89,19,33.9,2,0,travel,0
101132,29.13,11,15.8,4,0,online_retail,0
101133,3.05,8,15.9,4,1,electronics,0
101134,101.01,0,10.5,2,0,travel,1
101135,5.16,9,7.0,4,0,grocery,0
101136,36.76,11,18.6,2,0,online_retail,0
101137,18.6,7,30.1,0,0,electronics,0
101138,32.74,18,2.1,3,0,grocery,0
101139,1.72,17,20.0,4,0,restaurant,0
101140,184.61,7,33.3,4,1,grocery,0
101141,6.24,14,15.4,3,0,restaurant,0
101142,15.03,13,23.3,5,1,grocery,0
101143,177.24,0,41.3,4,0,online_retail,0
101144,78.78,16,18.9,4,1,grocery,0
101145,26.57,20,8.0,1,0,restaurant,0
101146,46.06,2,1.5,2,0,online_retail,0
101147,66.37,4,11.5,3,0,grocery,0
101148,26.68,10,45.2,1,0,grocery,0
101149,17.98,21,11.5,1,1,restaurant,0
101150,83.52,6,58.5,3,0,online_retail,0
101151,33.48,15,25.2,2,0,electronics,0
101152,5.53,5,7.6,5,1,grocery,0
101153,86.6,21,10.3,0,0,grocery,0
101154,8.48,14,4.4,1,0,online_retail,0
101155,10.57,15,23.8,4,1,grocery,0
101156,79.05,1,15.2,2,0,electronics,0
101157,160.09,15,32.6,5,0,electronics,0
101158,48.46,12,10.2,5,0,restaurant,0
101159,20.5,20,22.0,5,1,restaurant,0
101160,13.59,17,10.3,2,0,online_retail,0
101161,99.87,1,81.1,3,1,online_retail,1
101162,64.26,5,12.6,3,1,restaurant,1
101163,214.59,3,18.4,3,0,restaurant,0
101164,98.77,0,14.6,4,0,grocery,0
101165,36.21,5,13.9,2,1,grocery,0
101166,6.82,20,14.1,1,0,online_retail,0
101167,26.04,11,3.3,3,0,grocery,0
101168,35.0,20,2.7,2,0,restaurant,0
101169,42.0,20,0.3,2,1,grocery,0
101170,9.28,8,5.4,2,0,online_retail,0
101171,26.31,6,7.0,3,0,online_retail,0
101172,4.69,20,19.9,2,0,online_retail,0
101173,103.74,9,0.2,3,1,grocery,1
101174,30.03,5,2.4,1,1,grocery,1
101175,128.29,4,13.2,4,0,online_retail,0
101176,99.99,4,10.3,5,1,grocery,1
101177,18.34,22,19.0,2,0,online_retail,0
101178,53.64,17,33.1,4,1,online_retail,1
101179,154.13,1,6.8,4,1,online_retail,1
101180,11.83,3,28.0,1,0,restaurant,0
101181,49.9,6,11.4,1,0,grocery,0
101182,78.9,8,39.2,1,0,online_retail,0
101183,50.55,17,5.2,3,0,electronics,0
101184,13.8,15,13.3,1,1,electronics,1
101185,12.24,17,39.8,3,1,online_retail,0
101186,20.23,6,1.4,3,1,grocery,0
101187,121.42,18,4.1,4,0,online_retail,0
101188,12.86,0,38.3,5,0,grocery,1
101189,14.97,7,31.2,6,0,grocery,0
101190,30.33,21,25.4,0,0,grocery,0
101191,7.08,8,29.9,8,0,online_retail,0
101192,30.23,7,26.3,4,1,grocery,0
101193,8.72,8,33.7,1,0,grocery,1
101194,66.06,6,33.0,5,0,travel,0
101195,69.85,16,21.8,2,1,online_retail,0
101196,81.6,12,10.8,1,1,grocery,0
101197,55.79,12,12.3,3,0,grocery,0
101198,1.0,19,22.7,3,0,online_retail,0
101199,48.03,15,31.5,5,1,online_retail,0
101200,5.72,9,43.9,3,0,grocery,0
101201,48.33,11,19.0,0,1,restaurant,0
101202,141.12,12,13.7,1,0,grocery,0
101203,66.83,20,18.0,4,0,restaurant,0
101204,52.46,18,57.4,3,1,online_retail,0
101205,35.16,15,6.8,1,0,electronics,0
101206,6.92,23,9.6,4,1,grocery,0
101207,177.32,13,1.1,2,1,electronics,0
101208,31.29,14,2.4,6,1,travel,0
101209,50.23,11,40.0,3,1,restaurant,0
101210,56.52,19,26.0,2,0,online_retail,0
101211,83.65,4,7.9,4,0,restaurant,0
101212,27.69,5,19.3,1,0,restaurant,0
101213,40.13,11,7.8,3,1,online_retail,0
101214,163.3,5,27.7,1,0,travel,0
101215,40.46,1,5.4,3,0,online_retail,0
101216,119.68,2,24.2,0,0,restaurant,1
101217,11.06,3,18.6,6,0,online_retail,0
101218,8.98,6,0.5,0,0,restaurant,0
101219,73.99,20,3.6,3,0,online_retail,0
101220,118.37,5,28.9,5,0,online_retail,0
101221,22.79,0,6.5,4,0,online_retail,0
101222,33.51,19,17.6,5,1,online_retail,1
101223,60.64,2,14.4,2,0,online_retail,1
101224,19.52,22,60.8,6,1,online_retail,0
101225,16.53,0,15.3,4,1,grocery,0
101226,31.91,2,16.2,1,0,restaurant,1
101227,72.28,3,41.5,7,1,grocery,0
101228,9.53,15,8.1,3,0,grocery,0
101229,11.32,22,0.5,2,1,restaurant,0
101230,9.99,23,51.6,1,0,grocery,0
101231,8.25,5,13.7,4,1,electronics,0
101232,30.29,22,48.4,2,1,travel,0
101233,178.76,23,1.6,3,0,electronics,0
101234,18.87,5,2.1,7,1,travel,0
101235,154.43,9,17.0,3,0,grocery,0
101236,74.66,14,10.4,1,0,grocery,0
101237,40.91,6,14.2,6,1,online_retail,0
101238,112.23,16,0.1,1,0,electronics,1
101239,56.39,5,7.1,3,1,grocery,1
101240,8.3,0,34.4,3,1,grocery,0
101241,45.79,18,4.5,2,0,restaurant,0
101242,99.61,1,10.1,6,1,travel,1
101243,71.9,17,61.3,3,0,online_retail,0
101244,196.24,17,5.4,0,0,restaurant,0
101245,62.03,8,36.4,2,0,grocery,0
101246,52.19,12,18.8,4,0,restaurant,1
101247,12.72,16,14.3,7,1,online_retail,0
101248,84.32,16,10.1,4,0,restaurant,0
101249,4.75,22,13.7,0,0,electronics,0
101250,4.61,2,32.0,2,1,online_retail,0
101251,94.19,19,1.3,0,1,restaurant,1
101252,1.0,4,37.4,3,1,restaurant,0
101253,46.44,19,6.3,3,0,online_retail,0
101254,10.25,18,84.8,6,0,restaurant,0
101255,65.27,19,3.2,1,1,online_retail,0
101256,103.51,9,1.0,5,0,online_retail,0
101257,43.34,19,25.1,5,1,travel,0
101258,29.64,11,2.9,2,0,online_retail,0
101259,133.62,18,58.2,4,1,grocery,0
101260,69.76,18,24.7,4,0,grocery,0
101261,77.11,21,24.1,3,1,electronics,0
101262,15.42,2,7.2,4,0,online_retail,0
101263,61.85,23,24.9,6,1,restaurant,1
101264,8.98,2,37.7,2,1,restaurant,0
101265,29.09,20,7.3,4,1,travel,0
101266,13.75,12,6.0,0,1,electronics,0
101267,303.16,19,2.4,6,0,grocery,0
101268,80.47,15,11.7,3,0,restaurant,0
101269,38.17,11,14.0,6,0,restaurant,0
101270,74.42,7,1.3,2,0,online_retail,0
101271,73.39,17,14.1,1,0,electronics,0
101272,33.15,12,6.9,1,1,grocery,0
101273,63.87,10,6.1,1,1,online_retail,0
101274,60.39,18,7.8,5,0,electronics,0
101275,10.19,5,40.7,5,1,grocery,1
101276,112.65,20,16.3,2,1,restaurant,0
101277,3.67,6,8.2,2,0,travel,0
101278,68.16,6,14.0,3,0,restaurant,0
101279,31.2,9,21.5,3,0,restaurant,0
101280,7.54,17,42.8,3,1,restaurant,0
101281,142.63,22,19.7,4,1,restaurant,0
101282,20.37,5,26.7,3,1,travel,0
101283,99.67,4,26.1,3,0,restaurant,1
101284,1.0,11,16.0,6,1,grocery,0
101285,51.56,17,11.3,1,1,restaurant,0
101286,100.9,17,5.1,1,1,online_retail,0
101287,27.23,17,2.5,4,0,electronics,0
101288,61.71,7,23.3,1,1,grocery,0
101289,139.62,1,10.1,5,0,travel,1
101290,29.85,14,5.3,3,0,restaurant,0
101291,9.54,11,17.3,3,1,grocery,0
101292,41.99,6,1.3,4,1,restaurant,0
101293,81.99,23,44.4,3,0,online_retail,0
101294,17.12,14,5.2,0,0,grocery,0
101295,87.4,21,0.8,4,0,grocery,0
101296,75.51,11,1.8,0,0,grocery,0
101297,15.03,14,0.1,2,0,online_retail,0
101298,41.45,10,26.3,4,0,online_retail,0
101299,33.24,15,10.3,0,1,electronics,0
101300,32.35,3,1.6,6,0,grocery,0
101301,37.83,12,35.3,1,0,grocery,0
101302,45.76,9,1.0,4,1,online_retail,0
101303,134.06,11,55.5,3,1,grocery,0
101304,206.12,18,7.8,3,1,grocery,1
101305,35.38,10,6.8,1,0,grocery,0
101306,69.31,4,0.7,3,1,restaurant,0
101307,9.16,6,43.1,1,0,online_retail,0
101308,72.3,18,20.0,3,1,online_retail,0
101309,23.37,23,3.3,3,0,restaurant,1
101310,30.46,19,45.0,5,1,travel,0
101311,53.09,20,25.5,4,1,electronics,0
101312,34.94,22,23.8,4,0,grocery,0
101313,7.07,5,25.8,2,0,restaurant,0
101314,18.59,12,15.7,3,0,online_retail,0
101315,3.17,22,57.4,1,0,grocery,0
101316,111.27,12,9.6,4,1,grocery,0
101317,50.23,8,32.8,3,0,restaurant,0
101318,39.68,11,7.5,2,0,electronics,0
101319,34.2,18,39.5,4,0,grocery,0
101320,1.0,13,9.7,4,1,online_retail,0
101321,45.62,11,6.3,1,0,online_retail,0
101322,99.89,20,1.9,2,0,electronics,0
101323,8.97,10,30.9,3,0,online_retail,0
101324,27.73,13,7.5,2,1,restaurant,0
101325,105.46,17,2.1,3,1,online_retail,1
101326,20.14,13,44.4,4,0,grocery,1
101327,91.46,11,2.7,5,0,online_retail,0
101328,109.48,18,8.6,5,0,online_retail,0
101329,5.77,17,24.3,4,0,grocery,0
101330,319.48,7,13.0,3,0,restaurant,0
101331,16.19,23,1.2,1,0,electronics,1
101332,5.21,0,81.8,2,0,grocery,0
101333,97.08,18,10.6,3,1,electronics,0
101334,3.95,22,72.2,2,0,grocery,0
101335,65.13,11,16.3,5,1,grocery,0
101336,91.3,9,6.9,1,1,restaurant,0
101337,71.29,20,11.5,3,1,travel,0
101338,225.83,11,27.7,4,1,restaurant,0
101339,80.87,8,24.0,3,0,online_retail,0
101340,130.38,11,50.8,7,0,grocery,0
101341,188.66,19,17.3,0,0,travel,1
101342,8.5,16,4.5,5,0,online_retail,0
101343,33.57,8,12.9,4,1,online_retail,0
101344,58.11,5,9.8,3,0,online_retail,0
101345,103.06,2,3.2,2,0,restaurant,1
101346,14.02,6,9.5,7,1,online_retail,0
101347,39.83,12,4.0,5,0,online_retail,0
101348,57.18,5,6.6,4,0,grocery,0
101349,196.98,4,22.1,1,0,grocery,1
101350,10.06,17,11.9,3,0,grocery,0
101351,65.29,12,26.5,6,0,restaurant,0
101352,148.17,10,44.9,4,1,online_retail,1
101353,36.65,1,3.9,4,0,travel,0
101354,27.54,23,5.4,4,0,online_retail,0
101355,17.95,20,57.0,2,0,grocery,0
101356,59.28,21,19.9,3,0,restaurant,0
101357,8.18,19,32.5,1,0,restaurant,0
101358,82.55,23,15.6,3,0,restaurant,1
101359,18.56,4,5.5,3,0,electronics,0
101360,17.08,5,1.5,1,0,online_retail,0
101361,27.08,18,39.3,3,0,restaurant,0
101362,1.47,4,39.0,4,0,online_retail,0
101363,20.67,23,5.7,2,0,online_retail,0
101364,8.48,18,35.5,5,0,restaurant,0
101365,44.83,17,29.1,2,0,online_retail,0
101366,10.92,15,5.4,3,1,electronics,0
101367,53.51,20,17.7,4,1,grocery,0
101368,37.94,7,71.5,2,1,restaurant,0
101369,45.79,21,6.4,1,0,online_retail,0
101370,8.14,9,1.1,7,0,electronics,0
101371,79.33,10,41.8,6,0,grocery,0
101372,163.67,0,9.4,9,0,restaurant,1
101373,192.38,16,5.7,3,1,restaurant,0
101374,6.52,23,2.8,4,1,restaurant,0
101375,33.26,13,4.8,2,0,grocery,0
101376,67.26,2,17.3,3,0,restaurant,0
101377,48.08,3,73.7,5,0,grocery,0
101378,9.04,19,65.3,2,1,electronics,1
101379,118.2,3,2.6,4,0,travel,0
101380,115.02,11,9.0,2,0,online_retail,0
101381,117.3,13,37.1,6,0,electronics,0
101382,70.3,17,44.4,3,0,online_retail,0
101383,4.59,23,37.0,2,0,electronics,1
101384,81.74,1,8.4,2,1,restaurant,0
101385,68.97,3,4.2,3,0,grocery,0
101386,119.48,12,7.8,3,0,grocery,0
101387,31.02,20,9.8,3,0,grocery,0
101388,262.54,11,38.6,3,0,restaurant,0
101389,7.88,10,36.4,3,1,restaurant,0
101390,67.56,16,32.8,2,1,grocery,0
101391,3.9,5,4.4,1,0,restaurant,0
101392,77.96,3,6.0,4,0,grocery,1
101393,197.65,13,2.3,1,0,grocery,0
101394,160.42,22,0.4,1,0,electronics,0
101395,1.0,4,52.7,5,0,online_retail,0
101396,68.7,23,41.5,4,0,online_retail,0
101397,35.43,18,48.5,1,0,electronics,0
101398,101.33,5,28.5,1,0,grocery,0
101399,65.51,4,14.4,4,1,grocery,0
101400,31.67,2,9.3,3,0,travel,0
101401,52.35,0,6.1,1,0,restaurant,0
101402,75.89,12,43.8,4,1,grocery,0
101403,1.0,2,2.0,3,0,online_retail,0
101404,5.34,10,102.8,0,1,online_retail,0
101405,42.64,13,0.0,3,0,online_retail,0
101406,40.34,15,4.0,3,1,online_retail,0
101407,144.8,2,7.5,2,0,restaurant,0
101408,21.17,23,27.3,2,0,restaurant,0
101409,13.27,2,3.2,3,0,restaurant,0
101410,9.68,17,13.5,2,0,grocery,0
101411,44.7,0,27.3,4,1,online_retail,0
101412,17.6,17,2.2,4,0,online_retail,0
101413,77.26,6,5.5,5,1,grocery,0
101414,20.25,21,12.7,3,1,online_retail,0
101415,31.09,8,21.0,6,1,grocery,0
101416,38.68,14,20.3,4,0,travel,0
101417,124.25,20,13.3,4,0,online_retail,0
101418,3.62,7,11.9,6,0,travel,0
101419,25.79,8,0.1,4,0,grocery,0
101420,56.67,3,2.3,2,0,restaurant,0
101421,31.55,17,11.3,5,0,grocery,0
101422,23.77,6,18.9,2,0,online_retail,0
101423,99.87,8,28.3,1,0,online_retail,0
101424,12.93,14,6.4,6,0,travel,0
101425,32.67,22,20.7,5,1,restaurant,0
101426,123.16,5,20.8,5,1,restaurant,0
101427,20.26,7,1.0,0,0,restaurant,0
101428,70.34,6,0.4,2,0,grocery,0
101429,68.67,12,12.1,3,1,grocery,0
101430,44.19,16,49.5,2,0,restaurant,0
101431,26.91,4,45.4,1,0,online_retail,0
101432,83.34,19,23.1,3,0,restaurant,0
101433,113.19,0,14.3,3,1,restaurant,0
101434,4.85,6,27.4,4,1,online_retail,0
101435,81.27,5,6.8,1,1,restaurant,0
101436,164.8,22,103.9,5,1,grocery,0
101437,131.91,2,2.4,2,0,restaurant,0
101438,65.83,18,27.8,0,0,restaurant,0
101439,60.27,9,7.0,3,0,grocery,0
101440,36.07,8,11.5,3,0,grocery,0
101441,28.25,23,6.4,3,0,grocery,0
101442,84.97,11,23.9,0,0,online_retail,0
101443,56.9,19,6.5,2,1,restaurant,0
101444,42.11,3,13.3,1,0,grocery,0
101445,9.04,5,98.0,5,1,online_retail,0
101446,15.68,18,5.3,1,0,online_retail,0
101447,1.0,18,11.8,5,1,online_retail,0
101448,200.4,21,38.4,5,0,grocery,0
101449,116.02,4,1.9,1,0,online_retail,0
101450,44.52,19,2.6,5,1,grocery,0
101451,2.14,6,0.6,7,0,electronics,0
101452,40.29,2,30.1,7,1,online_retail,0
101453,21.88,8,15.1,0,1,online_retail,0
101454,107.1,22,15.1,5,1,online_retail,0
101455,33.83,1,4.6,3,0,travel,0
101456,125.61,8,17.4,2,0,electronics,0
101457,89.74,12,34.8,0,0,online_retail,0
101458,356.94,14,42.3,4,0,grocery,0
101459,15.26,1,17.1,5,0,grocery,1
101460,23.51,7,12.5,2,1,online_retail,0
101461,27.15,7,40.8,3,0,electronics,0
101462,6.6,8,37.8,3,0,online_retail,0
101463,2.23,2,4.0,2,0,electronics,0
101464,17.26,7,1.6,5,0,travel,0
101465,40.27,10,17.7,1,1,online_retail,0
101466,3.56,0,12.2,3,0,grocery,0
101467,298.57,8,27.9,4,1,online_retail,0
101468,16.68,13,5.2,5,0,restaurant,0
101469,37.15,7,61.0,2,0,restaurant,0
101470,13.55,11,16.4,1,1,travel,0
101471,32.74,9,7.7,1,1,electronics,0
101472,55.52,15,22.4,0,0,restaurant,0
101473,25.2,13,34.3,3,0,restaurant,0
101474,111.42,9,13.5,5,1,grocery,0
101475,6.94,16,33.5,9,0,travel,1
101476,22.32,23,5.4,3,0,electronics,0
101477,37.56,2,1.3,0,0,restaurant,1
101478,7.8,17,4.2,1,0,grocery,0
101479,25.32,21,2.5,6,1,online_retail,0
101480,132.44,18,90.1,2,0,travel,0
101481,205.52,13,10.7,4,1,restaurant,0
101482,150.08,7,24.3,2,0,grocery,0
101483,61.59,18,2.8,4,0,restaurant,0
101484,50.65,22,41.0,4,1,grocery,1
101485,86.38,21,8.8,1,1,travel,0
101486,120.85,18,7.8,2,1,online_retail,0
101487,6.37,3,36.0,3,0,restaurant,0
101488,87.64,17,26.6,4,1,grocery,0
101489,1.0,7,10.9,8,0,travel,0
101490,6.62,1,3.7,4,1,grocery,1
101491,258.97,22,6.9,3,1,restaurant,0
101492,102.55,12,9.7,3,0,online_retail,1
101493,38.38,3,5.8,5,1,travel,0
101494,292.34,0,8.8,5,0,grocery,0
101495,120.85,9,13.5,0,1,electronics,0
101496,54.15,3,0.3,2,1,restaurant,0
101497,207.11,1,59.5,1,0,online_retail,0
101498,15.84,16,34.7,2,1,grocery,0
101499,24.96,4,63.9,3,1,online_retail,0
101500,119.75,9,48.3,0,1,grocery,0
101501,20.35,16,3.2,1,1,grocery,0
101502,236.58,19,2.0,4,0,electronics,0
101503,24.93,4,7.2,3,0,restaurant,0
101504,453.72,19,20.4,1,1,grocery,0
101505,55.67,23,11.2,5,1,restaurant,0
101506,40.91,1,45.8,2,0,electronics,0
101507,98.58,9,17.9,2,0,restaurant,0
101508,243.11,5,41.6,4,1,grocery,0
101509,24.04,8,3.7,4,0,online_retail,0
101510,9.42,16,2.1,4,1,grocery,0
101511,35.09,6,32.2,4,0,electronics,0
101512,17.72,10,10.5,1,1,online_retail,0
101513,91.32,9,6.0,4,0,grocery,0
101514,169.58,20,9.0,2,0,restaurant,0
101515,104.26,23,104.6,3,1,restaurant,0
101516,223.17,20,13.5,2,0,electronics,0
101517,97.52,4,21.9,2,1,travel,0
101518,7.14,19,7.1,2,0,restaurant,0
101519,48.4,5,47.2,3,1,grocery,0
101520,48.62,16,50.3,4,1,grocery,0
101521,26.22,2,4.8,3,1,grocery,0
101522,56.49,5,1.1,0,0,electronics,0
101523,43.01,7,30.2,8,0,restaurant,0
101524,100.63,9,11.1,4,0,online_retail,0
101525,71.12,2,7.8,4,0,travel,0
101526,115.16,0,2.4,5,0,electronics,0
101527,34.43,17,1.0,1,0,grocery,1
101528,8.3,16,7.1,3,0,restaurant,0
101529,13.33,7,6.8,4,0,grocery,0
101530,184.31,1,9.7,3,0,restaurant,0
101531,99.93,8,18.9,3,0,restaurant,0
101532,226.05,8,38.2,2,1,grocery,0
101533,15.44,3,96.1,2,0,online_retail,0
101534,55.59,0,9.9,4,1,grocery,1
101535,38.07,14,5.0,3,0,online_retail,0
101536,6.54,1,2.9,5,0,travel,1
101537,115.55,4,32.0,4,1,travel,0
101538,315.15,18,4.1,4,1,restaurant,0
101539,48.64,19,43.1,3,0,online_retail,0
101540,80.53,6,35.4,3,1,online_retail,0
101541,64.41,20,24.5,2,1,online_retail,0
101542,4.1,14,25.5,2,0,online_retail,0
101543,30.3,19,5.7,1,0,travel,0
101544,145.46,8,14.3,2,1,grocery,1
101545,21.62,13,17.4,4,0,online_retail,0
101546,9.98,12,8.3,2,0,online_retail,0
101547,39.96,21,30.0,4,0,restaurant,0
101548,75.1,23,3.4,0,0,travel,0
101549,137.74,22,16.0,1,0,online_retail,0
101550,32.55,8,45.4,2,0,online_retail,0
101551,90.91,8,15.3,2,1,restaurant,0
101552,22.94,8,10.2,1,1,grocery,0
101553,152.11,19,7.2,2,0,grocery,0
101554,53.25,21,56.0,5,0,grocery,0
101555,9.33,17,87.3,7,0,online_retail,0
101556,10.55,10,0.9,2,0,online_retail,0
101557,84.05,10,1.7,2,0,restaurant,0
101558,61.36,19,3.9,1,0,online_retail,1
101559,28.67,15,0.1,3,0,online_retail,0
101560,31.51,19,67.1,3,1,online_retail,0
101561,106.58,19,0.1,9,0,online_retail,0
101562,40.47,5,14.7,1,0,grocery,0
101563,3.67,13,17.7,3,1,online_retail,0
101564,76.19,5,4.0,4,1,restaurant,0
101565,87.21,6,3.4,6,0,grocery,1
101566,12.42,18,14.1,3,1,restaurant,0
101567,137.25,12,7.2,3,0,grocery,0
101568,109.7,16,102.2,0,0,grocery,0
101569,27.63,8,15.3,3,1,grocery,0
101570,67.81,8,4.7,1,1,online_retail,0
101571,20.01,8,25.4,1,0,grocery,0
101572,3.52,5,0.4,2,1,online_retail,0
101573,20.41,3,0.3,5,0,restaurant,0
101574,9.96,4,19.2,2,1,electronics,1
101575,331.23,20,90.0,1,0,restaurant,0
101576,13.54,18,2.8,6,0,grocery,0
101577,188.12,14,27.9,2,0,grocery,0
101578,69.48,17,8.3,3,1,restaurant,0
101579,26.48,14,53.4,3,0,restaurant,0
101580,17.77,7,2.5,2,0,online_retail,0
101581,76.93,8,0.4,3,1,restaurant,0
101582,16.67,4,26.1,1,0,grocery,0
101583,115.69,3,1.0,3,0,grocery,0
101584,36.94,16,50.7,2,0,online_retail,0
101585,1.69,2,4.6,1,1,electronics,0
101586,123.15,11,8.7,3,0,online_retail,0
101587,63.52,18,16.6,3,0,grocery,0
101588,27.56,14,31.9,3,0,grocery,0
101589,89.92,4,22.2,3,0,online_retail,0
101590,40.67,8,6.1,2,1,online_retail,0
101591,147.48,3,6.7,0,0,travel,1
101592,19.72,7,10.4,3,0,restaurant,0
101593,100.12,0,9.5,3,0,grocery,0
101594,31.42,8,19.0,1,0,restaurant,0
101595,67.39,5,3.0,5,0,online_retail,0
101596,11.39,12,2.0,4,0,online_retail,0
101597,83.47,15,18.4,2,1,restaurant,0
101598,11.66,15,93.6,3,1,restaurant,1
101599,119.82,0,37.6,4,1,grocery,0
101600,14.6,0,21.9,4,0,online_retail,0
101601,11.63,0,13.3,3,0,online_retail,1
101602,3.85,1,2.9,1,1,grocery,0
101603,201.82,3,22.7,5,1,electronics,0
101604,197.27,11,43.6,6,1,electronics,0
101605,36.69,4,41.9,3,1,travel,0
101606,112.6,19,14.1,3,1,online_retail,0
101607,67.54,8,11.7,3,0,electronics,0
101608,67.06,11,9.1,4,0,grocery,0
101609,67.83,8,12.5,3,1,restaurant,0
101610,42.93,23,12.0,5,0,online_retail,0
101611,281.04,21,99.2,1,0,online_retail,0
101612,18.15,4,23.7,4,0,grocery,0
101613,14.2,21,12.0,3,0,grocery,0
101614,50.55,11,3.0,4,1,grocery,0
101615,102.33,16,4.7,1,0,grocery,0
101616,30.35,23,10.3,4,1,electronics,1
101617,187.96,16,0.3,3,1,online_retail,0
101618,22.43,20,7.8,1,0,online_retail,1
101619,120.33,17,2.0,1,1,grocery,0
101620,18.75,2,5.8,2,0,electronics,1
101621,12.34,4,43.1,2,1,grocery,1
101622,22.31,11,8.5,4,0,restaurant,0
101623,83.24,4,3.8,3,1,grocery,0
101624,29.49,6,8.2,3,0,grocery,0
101625,179.85,14,21.0,3,1,online_retail,0
101626,89.58,7,3.5,2,1,restaurant,1
101627,59.64,6,11.1,2,0,grocery,0
101628,51.68,22,16.5,5,0,online_retail,0
101629,135.99,21,5.6,2,1,grocery,0
101630,45.1,13,6.8,1,0,grocery,0
101631,121.29,23,24.0,5,0,travel,1
101632,43.46,11,2.4,4,0,grocery,0
101633,112.33,14,48.9,3,0,online_retail,0
101634,17.14,7,3.3,2,1,electronics,0
101635,15.31,7,18.8,2,0,electronics,0
101636,48.48,20,3.4,7,1,restaurant,0
101637,135.75,2,37.9,1,1,grocery,1
101638,2.97,12,2.7,2,1,restaurant,1
101639,89.11,9,10.1,3,1,grocery,0
101640,68.25,22,57.1,6,0,travel,0
101641,160.16,17,20.4,0,0,online_retail,0
101642,62.16,19,18.4,5,1,online_retail,0
101643,21.78,15,25.7,3,1,online_retail,0
101644,112.71,22,4.3,5,0,grocery,0
101645,4.01,15,2.1,5,0,grocery,0
101646,100.82,1,107.4,5,0,grocery,1
101647,22.85,14,26.3,5,0,restaurant,0
101648,48.05,10,38.5,2,1,grocery,0
101649,106.0,20,9.1,2,0,grocery,0
101650,16.67,19,0.9,1,0,restaurant,0
101651,186.13,14,27.0,0,0,online_retail,0
101652,18.06,10,34.5,7,0,grocery,1
101653,132.52,14,3.2,3,0,online_retail,0
101654,220.38,22,11.1,1,0,grocery,0
101655,44.37,4,17.0,6,0,grocery,0
101656,117.14,10,1.4,4,1,online_retail,0
101657,59.44,23,20.1,3,1,online_retail,0
101658,76.46,18,17.0,6,1,online_retail,0
101659,88.01,13,20.0,3,0,grocery,0
101660,65.85,1,5.3,6,1,grocery,0
101661,134.1,14,2.8,3,0,restaurant,0
101662,35.19,17,13.0,3,1,travel,0
101663,229.28,5,11.4,1,0,restaurant,0
101664,12.25,10,4.4,3,0,travel,0
101665,79.08,22,9.5,5,0,travel,0
101666,27.96,22,87.6,1,0,online_retail,0
101667,63.85,7,11.2,6,1,restaurant,0
101668,147.13,17,9.4,2,0,restaurant,0
101669,89.69,15,26.4,6,1,grocery,0
101670,1.0,18,10.9,1,1,online_retail,0
101671,146.55,8,56.3,0,1,grocery,0
101672,81.98,16,19.7,4,0,grocery,0
101673,45.65,9,8.8,4,0,grocery,0
101674,22.35,23,9.6,4,1,restaurant,0
101675,15.62,16,24.6,2,0,electronics,0
101676,14.36,1,14.9,4,1,restaurant,0
101677,1.66,8,4.6,0,0,grocery,0
101678,45.68,17,31.3,2,0,online_retail,0
101679,133.89,15,14.3,4,0,travel,0
101680,25.89,21,4.5,5,1,travel,0
101681,4.7,4,82.9,5,0,online_retail,0
101682,82.67,2,22.9,4,1,grocery,0
101683,14.17,20,4.8,6,0,electronics,0
101684,8.95,12,22.2,5,1,online_retail,0
101685,32.17,3,76.2,5,0,electronics,0
101686,43.48,7,7.7,4,0,grocery,0
101687,23.33,9,39.5,3,0,grocery,0
101688,71.32,14,16.9,3,1,online_retail,0
101689,139.51,20,43.0,2,1,restaurant,0
101690,32.75,5,28.1,6,1,restaurant,0
101691,21.85,13,13.0,4,0,grocery,0
101692,11.63,9,21.8,4,0,grocery,0
101693,11.73,17,3.0,3,1,electronics,0
101694,186.84,14,6.5,1,1,electronics,1
101695,66.99,7,3.9,2,0,restaurant,0
101696,56.51,3,36.5,2,1,grocery,1
101697,29.78,12,6.3,2,1,electronics,0
101698,10.51,17,13.4,2,1,electronics,0
101699,7.26,0,11.1,5,0,restaurant,0
101700,15.59,3,17.7,3,0,online_retail,0
101701,81.37,15,30.6,4,1,restaurant,0
101702,15.7,0,0.6,6,1,travel,0
101703,38.79,18,17.4,3,1,restaurant,0
101704,14.74,13,3.6,5,0,restaurant,0
101705,6.78,9,7.6,6,0,online_retail,0
101706,153.55,12,34.0,4,1,restaurant,0
101707,57.28,10,21.1,2,1,online_retail,0
101708,28.45,12,48.0,7,0,grocery,0
101709,7.49,20,17.9,4,0,grocery,0
101710,35.09,6,15.9,6,0,online_retail,0
101711,11.69,1,2.7,1,0,grocery,0
101712,84.91,16,20.8,5,1,restaurant,0
101713,68.01,20,7.2,3,0,online_retail,0
101714,39.56,21,27.2,2,1,restaurant,0
101715,105.84,18,13.5,0,0,online_retail,0
101716,81.57,19,58.7,1,0,online_retail,0
101717,175.3,1,13.0,2,0,grocery,0
101718,22.38,17,47.5,1,1,restaurant,0
101719,27.84,6,54.8,1,0,grocery,0
101720,22.24,0,5.2,4,0,electronics,0
101721,20.34,13,4.8,1,0,travel,0
101722,240.49,20,4.9,5,0,online_retail,0
101723,52.25,21,41.7,2,0,online_retail,0
101724,17.38,2,3.4,5,0,online_retail,0
101725,101.29,13,18.2,2,0,electronics,0
101726,12.72,21,9.6,6,1,restaurant,0
101727,101.29,14,41.6,2,0,electronics,0
101728,161.85,9,6.5,0,1,online_retail,1
101729,22.11,23,8.5,3,0,online_retail,0
101730,8.11,15,3.2,0,1,grocery,0
101731,67.22,21,9.1,0,0,electronics,0
101732,10.66,3,10.1,4,1,electronics,0
101733,38.64,5,37.7,2,1,electronics,0
101734,58.14,1,7.3,0,0,restaurant,0
101735,34.52,16,3.0,0,1,grocery,0
101736,150.93,13,17.5,5,1,online_retail,0
101737,86.29,17,11.7,4,0,restaurant,0
101738,7.23,10,3.9,5,1,grocery,0
101739,59.39,21,8.9,5,0,grocery,0
101740,104.02,7,12.5,3,0,online_retail,0
101741,79.94,14,1.1,1,0,grocery,0
101742,93.25,14,0.7,3,1,electronics,0
101743,42.66,12,17.3,0,0,restaurant,0
101744,69.79,17,4.8,3,0,restaurant,0
101745,129.16,14,5.7,3,1,restaurant,0
101746,14.94,6,39.8,2,0,grocery,0
101747,18.2,7,14.1,2,0,online_retail,0
101748,56.43,19,39.7,2,1,electronics,1
101749,57.24,4,14.0,6,0,travel,0
101750,1.03,11,10.8,2,1,grocery,0
101751,13.87,6,0.3,1,1,grocery,0
101752,145.7,23,28.1,2,0,online_retail,0
101753,164.4,0,14.7,2,1,restaurant,1
101754,96.51,15,61.5,0,1,travel,0
101755,62.11,5,24.2,3,0,travel,0
101756,29.49,21,11.2,4,1,restaurant,1
101757,28.37,1,10.6,1,0,restaurant,0
101758,13.1,4,10.8,3,0,restaurant,0
101759,12.84,0,33.9,2,0,restaurant,0
101760,135.9,10,4.6,3,1,online_retail,0
101761,40.52,19,2.3,4,1,grocery,0
101762,137.17,0,19.5,3,1,online_retail,0
101763,43.6,11,41.1,4,0,electronics,0
101764,175.86,12,26.8,2,0,restaurant,0
101765,62.1,12,8.2,3,1,restaurant,1
101766,5.18,19,20.2,2,1,electronics,1
101767,2.55,12,24.7,1,0,travel,0
101768,47.95,20,24.2,1,0,grocery,0
101769,104.7,17,12.5,4,0,restaurant,0
101770,11.17,19,30.4,3,0,online_retail,0
101771,49.89,10,19.8,1,1,electronics,0
101772,34.4,14,36.1,2,1,restaurant,0
101773,26.08,20,7.9,1,1,restaurant,0
101774,54.3,22,9.6,6,0,restaurant,0
101775,12.85,7,12.7,2,1,electronics,0
101776,54.17,16,22.8,1,0,online_retail,0
101777,30.96,1,13.6,3,0,online_retail,0
101778,78.08,12,22.7,3,1,restaurant,0
101779,71.87,17,4.7,4,1,restaurant,0
101780,192.77,4,5.6,2,0,restaurant,0
101781,34.6,22,26.3,1,0,grocery,0
101782,6.09,16,6.7,3,0,grocery,0
101783,173.83,23,1.1,6,0,grocery,0
101784,2.44,22,10.9,3,0,restaurant,0
101785,78.2,22,27.7,3,1,online_retail,0
101786,116.02,2,13.3,5,1,grocery,0
101787,34.25,3,40.5,0,0,grocery,0
101788,15.51,8,4.8,5,0,restaurant,0
101789,137.74,5,2.6,1,0,grocery,0
101790,1.0,20,7.8,2,1,restaurant,0
101791,13.08,21,2.5,0,0,restaurant,0
101792,5.86,14,28.2,3,1,grocery,0
101793,1.0,20,28.4,2,0,grocery,0
101794,28.85,13,4.5,9,1,restaurant,0
101795,1.93,20,16.8,6,1,online_retail,0
101796,2.63,11,17.5,4,0,grocery,0
101797,98.17,21,20.4,2,0,restaurant,0
101798,41.92,0,2.7,6,0,restaurant,0
101799,144.46,19,34.9,6,0,restaurant,0
101800,4.45,15,33.3,1,1,restaurant,0
101801,11.12,12,0.4,2,0,restaurant,0
101802,289.14,13,9.6,3,0,electronics,0
101803,124.57,2,5.9,1,1,restaurant,0
101804,95.95,19,14.4,6,1,online_retail,0
101805,42.71,14,11.7,1,1,electronics,0
101806,16.2,13,2.5,5,0,electronics,0
101807,127.45,19,18.0,2,0,restaurant,0
101808,34.63,14,91.7,3,0,grocery,1
101809,85.61,21,46.0,3,1,grocery,0
101810,56.77,14,12.2,1,0,grocery,0
101811,6.48,1,5.1,3,0,electronics,0
101812,23.0,4,14.9,4,0,online_retail,0
101813,73.01,1,11.6,2,1,grocery,0
101814,46.49,10,3.2,3,1,grocery,0
101815,104.45,5,4.9,2,0,travel,0
101816,54.1,18,35.0,3,1,grocery,1
101817,43.4,18,74.6,3,0,grocery,0
101818,100.73,3,35.5,3,0,travel,0
101819,31.99,11,18.8,1,1,grocery,0
101820,23.99,20,13.0,1,0,online_retail,0
101821,45.19,14,1.5,7,1,grocery,0
101822,9.23,21,22.1,3,0,grocery,0
101823,68.71,16,18.1,4,1,restaurant,0
101824,23.01,7,15.7,3,0,grocery,0
101825,56.25,9,19.2,5,0,restaurant,0
101826,26.79,7,62.6,8,0,grocery,0
101827,27.59,4,13.2,3,0,electronics,1
101828,3.2,22,25.8,6,1,restaurant,0
101829,1.5,17,35.5,4,0,online_retail,0
101830,1.0,6,15.2,2,1,restaurant,0
101831,32.04,21,33.7,3,0,travel,0
101832,162.3,16,4.0,4,0,grocery,0
101833,12.44,17,14.8,2,1,online_retail,0
101834,317.9,16,84.0,2,1,grocery,0
101835,26.38,15,5.6,5,0,electronics,0
101836,25.85,23,5.0,5,1,online_retail,0
101837,192.48,16,31.2,3,0,grocery,0
101838,63.87,6,9.5,5,1,online_retail,0
101839,296.65,23,29.7,3,1,restaurant,0
101840,50.16,17,4.2,2,0,online_retail,0
101841,15.59,12,58.0,7,0,online_retail,0
101842,15.15,22,0.9,0,0,restaurant,0
101843,92.31,6,5.5,3,1,restaurant,1
101844,47.04,22,1.6,5,0,grocery,0
101845,125.46,2,6.9,0,0,grocery,0
101846,86.87,10,75.8,3,0,restaurant,0
101847,5.76,14,11.3,2,1,online_retail,0
101848,67.64,11,21.8,2,1,grocery,0
101849,144.96,14,15.5,2,0,grocery,0
101850,2.05,18,6.9,4,0,online_retail,0
101851,21.04,21,16.5,5,0,online_retail,0
101852,247.45,16,15.8,3,0,travel,0
101853,8.82,23,25.0,2,1,grocery,0
101854,54.74,11,6.9,8,1,grocery,0
101855,60.74,14,5.5,3,1,restaurant,0
101856,69.23,18,31.7,0,0,grocery,0
101857,185.3,23,0.5,3,0,online_retail,1
101858,3.21,6,18.3,0,0,electronics,0
101859,108.43,2,37.8,3,1,grocery,1
101860,101.73,13,0.3,4,0,online_retail,0
101861,5.21,19,2.2,5,0,electronics,0
101862,18.87,14,36.1,5,0,grocery,0
101863,3.03,18,17.8,5,0,grocery,0
101864,64.88,20,6.4,5,1,electronics,0
101865,34.58,20,8.1,3,1,restaurant,0
101866,132.85,22,126.2,7,0,online_retail,0
101867,93.41,15,2.0,1,0,grocery,0
101868,1.0,1,3.7,3,1,electronics,0
101869,25.75,1,36.2,3,0,online_retail,0
101870,19.51,2,2.7,6,0,electronics,1
101871,4.49,14,38.5,3,0,grocery,0
101872,13.25,11,0.5,5,1,restaurant,0
101873,63.23,20,3.5,5,1,grocery,0
101874,1.0,9,78.5,4,0,grocery,0
101875,137.78,1,2.8,7,0,online_retail,1
101876,27.96,1,5.9,4,0,online_retail,0
101877,23.25,4,3.6,1,0,grocery,0
101878,61.36,4,21.3,1,0,travel,0
101879,2.84,6,14.0,3,1,electronics,0
101880,46.96,17,11.9,7,1,restaurant,0
101881,37.43,11,7.3,4,0,electronics,0
101882,76.88,3,14.5,2,0,online_retail,0
101883,113.04,10,2.2,2,1,electronics,0
101884,14.5,18,25.2,1,1,restaurant,0
101885,126.87,8,3.3,4,0,travel,0
101886,64.34,16,42.6,4,0,restaurant,0
101887,11.43,19,13.5,6,0,online_retail,0
101888,156.34,0,0.4,5,0,restaurant,0
101889,69.12,16,15.1,7,0,restaurant,0
101890,38.53,13,8.2,2,0,online_retail,0
101891,26.85,12,12.5,1,0,travel,0
101892,25.41,5,26.3,2,0,electronics,0
101893,13.67,17,13.7,5,0,online_retail,0
101894,31.55,0,4.3,2,1,electronics,0
101895,106.69,11,6.8,5,1,grocery,0
101896,56.66,6,24.0,3,0,grocery,0
101897,26.16,15,12.6,5,0,online_retail,0
101898,3.64,22,35.2,4,1,grocery,0
101899,6.95,17,1.0,2,0,restaurant,0
101900,13.18,22,3.5,3,0,electronics,0
101901,27.49,18,3.0,2,0,online_retail,0
101902,1.0,17,28.3,1,1,restaurant,0
101903,18.93,22,27.2,8,0,restaurant,0
101904,102.26,3,3.8,6,1,grocery,0
101905,7.32,17,12.1,9,1,restaurant,0
101906,169.26,6,57.0,4,0,online_retail,0
101907,61.37,13,6.1,3,0,restaurant,0
101908,8.93,2,1.8,4,0,travel,0
101909,46.87,15,11.4,4,0,travel,0
101910,95.02,21,9.1,5,0,restaurant,0
101911,31.15,22,4.7,4,0,online_retail,0
101912,95.34,2,4.8,2,0,grocery,0
101913,41.15,5,6.4,5,1,electronics,0
101914,78.88,13,30.0,5,1,grocery,0
101915,18.19,14,4.9,2,0,grocery,0
101916,7.3,13,12.4,8,0,online_retail,0
101917,81.55,5,16.2,5,0,restaurant,0
101918,116.85,23,9.2,2,0,online_retail,0
101919,98.68,11,0.4,2,0,restaurant,0
101920,54.94,21,13.0,2,0,travel,0
101921,68.83,19,7.3,6,0,grocery,0
101922,42.38,1,12.2,3,1,online_retail,0
101923,222.28,20,15.2,4,1,online_retail,0
101924,53.92,22,3.1,4,1,electronics,0
101925,31.73,15,3.8,4,0,grocery,0
101926,129.46,10,27.3,6,0,grocery,0
101927,104.5,4,13.9,7,0,online_retail,0
101928,89.78,17,75.6,4,0,online_retail,0
101929,23.85,8,15.7,2,1,restaurant,0
101930,64.42,19,19.8,2,1,online_retail,0
101931,38.02,19,0.4,4,1,electronics,0
101932,66.81,0,38.8,1,0,restaurant,0
101933,92.24,13,34.4,2,0,online_retail,0
101934,120.94,3,15.8,0,1,restaurant,1
101935,41.1,9,12.2,2,0,travel,0
101936,8.67,6,29.3,6,1,online_retail,0
101937,53.62,7,4.7,1,1,electronics,0
101938,15.64,14,124.0,5,1,restaurant,1
101939,34.1,18,12.8,2,1,grocery,0
101940,101.05,14,28.5,4,1,restaurant,0
101941,11.32,0,30.9,0,0,online_retail,0
101942,50.62,17,31.4,1,0,online_retail,0
101943,70.35,19,27.6,6,0,restaurant,0
101944,110.46,7,15.4,7,0,restaurant,0
101945,1.58,5,5.8,1,1,online_retail,1
101946,35.44,15,16.9,4,1,online_retail,0
101947,186.02,19,0.4,6,0,travel,0
101948,52.27,8,5.0,2,0,restaurant,0
101949,22.35,14,20.8,2,0,grocery,0
101950,54.23,15,0.8,4,0,online_retail,0
101951,121.0,16,36.6,2,1,online_retail,0
101952,23.9,16,37.1,3,0,restaurant,0
101953,60.47,1,13.0,2,0,restaurant,0
101954,47.68,11,7.6,2,0,grocery,0
101955,49.68,22,25.1,3,1,restaurant,0
101956,76.2,12,23.0,3,0,restaurant,0
101957,22.94,2,5.5,1,1,grocery,0
101958,14.71,3,13.9,3,1,grocery,0
101959,13.97,2,27.6,2,1,travel,0
101960,14.37,1,20.8,1,0,restaurant,0
101961,1.28,4,5.4,3,0,restaurant,0
101962,3.03,15,4.8,2,0,grocery,0
101963,12.4,19,29.2,1,1,grocery,0
101964,33.97,19,29.7,3,0,grocery,0
101965,197.95,13,47.9,2,1,restaurant,0
101966,122.62,18,21.9,2,1,restaurant,0
101967,66.27,18,29.2,4,1,grocery,1
101968,5.62,8,20.9,2,0,online_retail,0
101969,35.93,3,46.7,0,1,online_retail,0
101970,14.7,17,4.5,0,0,electronics,0
101971,7.35,11,34.4,6,0,restaurant,0
101972,140.96,16,2.2,2,0,online_retail,0
101973,65.36,22,0.2,3,0,electronics,0
101974,2.47,6,25.1,3,0,grocery,0
101975,9.73,11,17.3,3,1,online_retail,0
101976,379.59,16,1.0,3,0,grocery,0
101977,22.71,13,17.8,2,0,grocery,0
101978,48.63,9,11.1,2,0,grocery,0
101979,107.9,6,0.0,2,1,restaurant,0
101980,4.6,14,8.2,1,0,online_retail,0
101981,69.93,18,14.1,0,0,electronics,0
101982,2.08,23,93.1,2,1,electronics,0
101983,43.19,16,8.8,3,1,restaurant,0
101984,8.8,18,13.9,4,0,restaurant,0
101985,255.4,13,2.0,1,0,online_retail,0
101986,58.15,23,3.2,6,0,restaurant,0
101987,1.0,16,6.4,5,1,electronics,0
101988,32.97,13,8.7,2,0,grocery,0
101989,1.09,1,45.2,1,0,online_retail,0
101990,8.98,8,6.1,4,0,grocery,0
101991,11.35,7,17.3,3,1,online_retail,0
101992,21.61,20,0.1,3,0,electronics,0
101993,282.79,17,1.0,2,1,grocery,0
101994,158.34,4,8.2,4,0,online_retail,0
101995,55.28,12,20.0,2,1,grocery,0
101996,22.46,0,63.6,2,0,grocery,0
101997,90.02,15,15.8,1,1,travel,1
101998,49.86,21,9.2,3,1,grocery,0
101999,72.34,17,72.4,4,1,online_retail,0
102000,51.02,5,5.0,4,1,online_retail,1
